{"kalimat 1": {"kalimat 2": 0.18676595925855324, "kalimat 3": 0.09890155971403135, "kalimat 4": 0.0, "kalimat 5": 0.0, "kalimat 6": 0.008870525072123242, "kalimat 7": 0.0650474283665494, "kalimat 8": 0.0, "kalimat 9": 0.0922817805898263, "kalimat 10": 0.05571517640610904, "kalimat 11": 0.0, "kalimat 12": 0.010699944532929965, "kalimat 13": 0.017907151040873245, "kalimat 14": 0.0, "kalimat 15": 0.0, "kalimat 16": 0.022585100958371615}, "kalimat 2": {"kalimat 1": 0.18676595925855324, "kalimat 3": 0.1413768934825318, "kalimat 4": 0.0, "kalimat 5": 0.005647867693696739, "kalimat 6": 0.006458070091047085, "kalimat 7": 0.0, "kalimat 8": 0.12141532803003192, "kalimat 9": 0.19812180060656367, "kalimat 10": 0.11552236828863345, "kalimat 11": 0.0, "kalimat 12": 0.007789955070544408, "kalimat 13": 0.013037067773626766, "kalimat 14": 0.07070095339192882, "kalimat 15": 0.0, "kalimat 16": 0.02222272416359087}, "kalimat 3": {"kalimat 1": 0.09890155971403135, "kalimat 2": 0.1413768934825318, "kalimat 4": 0.3230848508101646, "kalimat 5": 0.07059115473008314, "kalimat 6": 0.006207937045487638, "kalimat 7": 0.039628719057194194, "kalimat 8": 0.0, "kalimat 9": 0.12471870189369313, "kalimat 10": 0.07579071807472942, "kalimat 11": 0.019529191182252048, "kalimat 12": 0.06969316479703841, "kalimat 13": 0.11663668205907003, "kalimat 14": 0.129335387539435, "kalimat 15": 0.06203270066659181, "kalimat 16": 0.059323311934688934}, "kalimat 4": {"kalimat 1": 0.0, "kalimat 2": 0.0, "kalimat 3": 0.3230848508101646, "kalimat 5": 0.018188452019966578, "kalimat 6": 0.0, "kalimat 7": 0.06630416511926142, "kalimat 8": 0.0, "kalimat 9": 0.0, "kalimat 10": 0.0, "kalimat 11": 0.032674957646873365, "kalimat 12": 0.024803271741910264, "kalimat 13": 0.04151011549856952, "kalimat 14": 0.033324437030951316, "kalimat 15": 0.026525460200376823, "kalimat 16": 0.0}, "kalimat 5": {"kalimat 1": 0.0, "kalimat 2": 0.005647867693696739, "kalimat 3": 0.07059115473008314, "kalimat 4": 0.018188452019966578, "kalimat 6": 0.04157988101889223, "kalimat 7": 0.010721051090703773, "kalimat 8": 0.0, "kalimat 9": 0.0, "kalimat 10": 0.019477034281099564, "kalimat 11": 0.0, "kalimat 12": 0.0, "kalimat 13": 0.08393834678476594, "kalimat 14": 0.03161335618250058, "kalimat 15": 0.016782166291598333, "kalimat 16": 0.0058814369499824255}, "kalimat 6": {"kalimat 1": 0.008870525072123242, "kalimat 2": 0.006458070091047085, "kalimat 3": 0.006207937045487638, "kalimat 4": 0.0, "kalimat 5": 0.04157988101889223, "kalimat 7": 0.0, "kalimat 8": 0.08035249633905615, "kalimat 9": 0.0, "kalimat 10": 0.0, "kalimat 11": 0.0, "kalimat 12": 0.006372226014061221, "kalimat 13": 0.010664393011496263, "kalimat 14": 0.0, "kalimat 15": 0.13923210374120884, "kalimat 16": 0.006725145509596663}, "kalimat 7": {"kalimat 1": 0.0650474283665494, "kalimat 2": 0.0, "kalimat 3": 0.039628719057194194, "kalimat 4": 0.06630416511926142, "kalimat 5": 0.010721051090703773, "kalimat 6": 0.0, "kalimat 8": 0.0, "kalimat 9": 0.037112310689362306, "kalimat 10": 0.05109759919815229, "kalimat 11": 0.01926001673667196, "kalimat 12": 0.014620108587015297, "kalimat 13": 0.07820183527444693, "kalimat 14": 0.10793275468621975, "kalimat 15": 0.03762344566153727, "kalimat 16": 0.015429828979201192}, "kalimat 8": {"kalimat 1": 0.0, "kalimat 2": 0.12141532803003192, "kalimat 3": 0.0, "kalimat 4": 0.0, "kalimat 5": 0.0, "kalimat 6": 0.08035249633905615, "kalimat 7": 0.0, "kalimat 9": 0.05979095426693929, "kalimat 10": 0.0, "kalimat 11": 0.0, "kalimat 12": 0.0, "kalimat 13": 0.0, "kalimat 14": 0.0, "kalimat 15": 0.0, "kalimat 16": 0.0}, "kalimat 9": {"kalimat 1": 0.0922817805898263, "kalimat 2": 0.19812180060656367, "kalimat 3": 0.12471870189369313, "kalimat 4": 0.0, "kalimat 5": 0.0, "kalimat 6": 0.0, "kalimat 7": 0.037112310689362306, "kalimat 8": 0.05979095426693929, "kalimat 10": 0.3378504763637367, "kalimat 11": 0.0, "kalimat 12": 0.0, "kalimat 13": 0.0, "kalimat 14": 0.0, "kalimat 15": 0.0, "kalimat 16": 0.06135830630399229}, "kalimat 10": {"kalimat 1": 0.05571517640610904, "kalimat 2": 0.11552236828863345, "kalimat 3": 0.07579071807472942, "kalimat 4": 0.0, "kalimat 5": 0.019477034281099564, "kalimat 6": 0.0, "kalimat 7": 0.05109759919815229, "kalimat 8": 0.0, "kalimat 9": 0.3378504763637367, "kalimat 11": 0.04976074619989371, "kalimat 12": 0.07554588583800627, "kalimat 13": 0.0, "kalimat 14": 0.13975106102052778, "kalimat 15": 0.0, "kalimat 16": 0.20983173951068448}, "kalimat 11": {"kalimat 1": 0.0, "kalimat 2": 0.0, "kalimat 3": 0.019529191182252048, "kalimat 4": 0.032674957646873365, "kalimat 5": 0.0, "kalimat 6": 0.0, "kalimat 7": 0.01926001673667196, "kalimat 8": 0.0, "kalimat 9": 0.0, "kalimat 10": 0.04976074619989371, "kalimat 12": 0.16111169238862064, "kalimat 13": 0.03354849903247104, "kalimat 14": 0.0, "kalimat 15": 0.07297447937630176, "kalimat 16": 0.08126081721375518}, "kalimat 12": {"kalimat 1": 0.010699944532929965, "kalimat 2": 0.007789955070544408, "kalimat 3": 0.06969316479703841, "kalimat 4": 0.024803271741910264, "kalimat 5": 0.0, "kalimat 6": 0.006372226014061221, "kalimat 7": 0.014620108587015297, "kalimat 8": 0.0, "kalimat 9": 0.0, "kalimat 10": 0.07554588583800627, "kalimat 11": 0.16111169238862064, "kalimat 13": 0.03833014147826406, "kalimat 14": 0.0, "kalimat 15": 0.05539428273346321, "kalimat 16": 0.11542132759630956}, "kalimat 13": {"kalimat 1": 0.017907151040873245, "kalimat 2": 0.013037067773626766, "kalimat 3": 0.11663668205907003, "kalimat 4": 0.04151011549856952, "kalimat 5": 0.08393834678476594, "kalimat 6": 0.010664393011496263, "kalimat 7": 0.07820183527444693, "kalimat 8": 0.0, "kalimat 9": 0.0, "kalimat 10": 0.0, "kalimat 11": 0.03354849903247104, "kalimat 12": 0.03833014147826406, "kalimat 14": 0.0, "kalimat 15": 0.2561479601271545, "kalimat 16": 0.1456006023070474}, "kalimat 14": {"kalimat 1": 0.0, "kalimat 2": 0.07070095339192882, "kalimat 3": 0.129335387539435, "kalimat 4": 0.033324437030951316, "kalimat 5": 0.03161335618250058, "kalimat 6": 0.0, "kalimat 7": 0.10793275468621975, "kalimat 8": 0.0, "kalimat 9": 0.0, "kalimat 10": 0.13975106102052778, "kalimat 11": 0.0, "kalimat 12": 0.0, "kalimat 13": 0.0, "kalimat 15": 0.03074787470717094, "kalimat 16": 0.10775824961686864}, "kalimat 15": {"kalimat 1": 0.0, "kalimat 2": 0.0, "kalimat 3": 0.06203270066659181, "kalimat 4": 0.026525460200376823, "kalimat 5": 0.016782166291598333, "kalimat 6": 0.13923210374120884, "kalimat 7": 0.03762344566153727, "kalimat 8": 0.0, "kalimat 9": 0.0, "kalimat 10": 0.0, "kalimat 11": 0.07297447937630176, "kalimat 12": 0.05539428273346321, "kalimat 13": 0.2561479601271545, "kalimat 14": 0.03074787470717094, "kalimat 16": 0.2271332481139186}, "kalimat 16": {"kalimat 1": 0.022585100958371615, "kalimat 2": 0.02222272416359087, "kalimat 3": 0.059323311934688934, "kalimat 4": 0.0, "kalimat 5": 0.0058814369499824255, "kalimat 6": 0.006725145509596663, "kalimat 7": 0.015429828979201192, "kalimat 8": 0.0, "kalimat 9": 0.06135830630399229, "kalimat 10": 0.20983173951068448, "kalimat 11": 0.08126081721375518, "kalimat 12": 0.11542132759630956, "kalimat 13": 0.1456006023070474, "kalimat 14": 0.10775824961686864, "kalimat 15": 0.2271332481139186}}