{"kalimat 1": {"kalimat 2": 0.0, "kalimat 3": 0.11337177433483893, "kalimat 4": 0.0, "kalimat 5": 0.0, "kalimat 6": 0.0, "kalimat 7": 0.0, "kalimat 8": 0.0, "kalimat 9": 0.0, "kalimat 10": 0.0956428051160918, "kalimat 11": 0.0, "kalimat 12": 0.0, "kalimat 13": 0.0, "kalimat 14": 0.0, "kalimat 15": 0.0, "kalimat 16": 0.0, "kalimat 17": 0.04165554459141137, "kalimat 18": 0.17326136902787104, "kalimat 19": 0.045061795482732266, "kalimat 20": 0.0, "kalimat 21": 0.06643923658728472, "kalimat 22": 0.0}, "kalimat 2": {"kalimat 1": 0.0, "kalimat 3": 0.09004321538727507, "kalimat 4": 0.5502801169348159, "kalimat 5": 0.08525896032355763, "kalimat 6": 0.08252350773839652, "kalimat 7": 0.07944323872809812, "kalimat 8": 0.0, "kalimat 9": 0.056211374830553655, "kalimat 10": 0.0032164805826229203, "kalimat 11": 0.005507789680492062, "kalimat 12": 0.0, "kalimat 13": 0.05127929454668637, "kalimat 14": 0.04958558617938511, "kalimat 15": 0.03749116107244468, "kalimat 16": 0.04534851073103603, "kalimat 17": 0.014637781082869233, "kalimat 18": 0.0, "kalimat 19": 0.0, "kalimat 20": 0.01508364553070033, "kalimat 21": 0.018219403582726862, "kalimat 22": 0.03495231067000976}, "kalimat 3": {"kalimat 1": 0.11337177433483893, "kalimat 2": 0.09004321538727507, "kalimat 4": 0.11675870208127967, "kalimat 5": 0.05339058232233208, "kalimat 6": 0.06825845997208861, "kalimat 7": 0.027701801751281514, "kalimat 8": 0.0037960598959935433, "kalimat 9": 0.0452532117485111, "kalimat 10": 0.03311852405954912, "kalimat 11": 0.038749185409641625, "kalimat 12": 0.0, "kalimat 13": 0.03725642655339318, "kalimat 14": 0.05144503430183804, "kalimat 15": 0.042668347519800164, "kalimat 16": 0.03380217373724971, "kalimat 17": 0.06368135789704531, "kalimat 18": 0.04132478086434791, "kalimat 19": 0.0987032770133699, "kalimat 20": 0.03085492188720366, "kalimat 21": 0.073985942684011, "kalimat 22": 0.040037162198970716}, "kalimat 4": {"kalimat 1": 0.0, "kalimat 2": 0.5502801169348159, "kalimat 3": 0.11675870208127967, "kalimat 5": 0.09437013921478139, "kalimat 6": 0.0, "kalimat 7": 0.011498848025311233, "kalimat 8": 0.04534911276737777, "kalimat 9": 0.0416355206213664, "kalimat 10": 0.0, "kalimat 11": 0.0, "kalimat 12": 0.0, "kalimat 13": 0.038620432270946296, "kalimat 14": 0.04180337004670458, "kalimat 15": 0.04304620485341142, "kalimat 16": 0.0, "kalimat 17": 0.014192094855904922, "kalimat 18": 0.0, "kalimat 19": 0.026429874763772947, "kalimat 20": 0.012296110503684484, "kalimat 21": 0.09796188061339146, "kalimat 22": 0.029463665400804036}, "kalimat 5": {"kalimat 1": 0.0, "kalimat 2": 0.08525896032355763, "kalimat 3": 0.05339058232233208, "kalimat 4": 0.09437013921478139, "kalimat 6": 0.12882328705704102, "kalimat 7": 0.05725106373980903, "kalimat 8": 0.12233943270008127, "kalimat 9": 0.03265930490060328, "kalimat 10": 0.02136344547409643, "kalimat 11": 0.09390164945360291, "kalimat 12": 0.0, "kalimat 13": 0.01868073602769339, "kalimat 14": 0.0403751413376909, "kalimat 15": 0.007269433589952241, "kalimat 16": 0.229222451029367, "kalimat 17": 0.027023110754069567, "kalimat 18": 0.0, "kalimat 19": 0.019312839382818255, "kalimat 20": 0.02379143916955683, "kalimat 21": 0.08583860251395752, "kalimat 22": 0.00884865667293601}, "kalimat 6": {"kalimat 1": 0.0, "kalimat 2": 0.08252350773839652, "kalimat 3": 0.06825845997208861, "kalimat 4": 0.0, "kalimat 5": 0.12882328705704102, "kalimat 7": 0.2182483112312862, "kalimat 8": 0.03524111801927761, "kalimat 9": 0.035530597232298754, "kalimat 10": 0.004554461585093371, "kalimat 11": 0.06728873186355588, "kalimat 12": 0.0, "kalimat 13": 0.14216590414977706, "kalimat 14": 0.16580838819560292, "kalimat 15": 0.0, "kalimat 16": 0.01190662875520922, "kalimat 17": 0.0, "kalimat 18": 0.0, "kalimat 19": 0.0, "kalimat 20": 0.0034003122811414794, "kalimat 21": 0.041365465885760754, "kalimat 22": 0.04621286877593101}, "kalimat 7": {"kalimat 1": 0.0, "kalimat 2": 0.07944323872809812, "kalimat 3": 0.027701801751281514, "kalimat 4": 0.011498848025311233, "kalimat 5": 0.05725106373980903, "kalimat 6": 0.2182483112312862, "kalimat 8": 0.032608448852915396, "kalimat 9": 0.012594054147727608, "kalimat 10": 0.0009735581595224677, "kalimat 11": 0.026947652808983407, "kalimat 12": 0.03776406460789447, "kalimat 13": 0.00427580621789021, "kalimat 14": 0.035908347080154744, "kalimat 15": 0.08948214215614916, "kalimat 16": 0.06631126804539686, "kalimat 17": 0.015158147102614478, "kalimat 18": 0.0, "kalimat 19": 0.0451597423121769, "kalimat 20": 0.07269431050313138, "kalimat 21": 0.05459927532277431, "kalimat 22": 0.011578414499325883}, "kalimat 8": {"kalimat 1": 0.0, "kalimat 2": 0.0, "kalimat 3": 0.0037960598959935433, "kalimat 4": 0.04534911276737777, "kalimat 5": 0.12233943270008127, "kalimat 6": 0.03524111801927761, "kalimat 7": 0.032608448852915396, "kalimat 9": 0.1353907869708178, "kalimat 10": 0.04684126148994621, "kalimat 11": 0.0, "kalimat 12": 0.0, "kalimat 13": 0.032249746990879166, "kalimat 14": 0.05107681601501347, "kalimat 15": 0.07512483746459409, "kalimat 16": 0.08740267930802963, "kalimat 17": 0.07198972606294791, "kalimat 18": 0.06145287847659199, "kalimat 19": 0.06033461917347461, "kalimat 20": 0.0542522635512815, "kalimat 21": 0.038912134184608274, "kalimat 22": 0.011771065092819858}, "kalimat 9": {"kalimat 1": 0.0, "kalimat 2": 0.056211374830553655, "kalimat 3": 0.0452532117485111, "kalimat 4": 0.0416355206213664, "kalimat 5": 0.03265930490060328, "kalimat 6": 0.035530597232298754, "kalimat 7": 0.012594054147727608, "kalimat 8": 0.1353907869708178, "kalimat 10": 0.06787402831092443, "kalimat 11": 0.012668644797685777, "kalimat 12": 0.0, "kalimat 13": 0.023540529076987022, "kalimat 14": 0.0504023748575641, "kalimat 15": 0.009508066772095296, "kalimat 16": 0.036779096995260795, "kalimat 17": 0.03097935387761657, "kalimat 18": 0.044857197579004214, "kalimat 19": 0.046029783186259936, "kalimat 20": 0.0031667027155183715, "kalimat 21": 0.06445730373888757, "kalimat 22": 0.00859222555026559}, "kalimat 10": {"kalimat 1": 0.0956428051160918, "kalimat 2": 0.0032164805826229203, "kalimat 3": 0.03311852405954912, "kalimat 4": 0.0, "kalimat 5": 0.02136344547409643, "kalimat 6": 0.004554461585093371, "kalimat 7": 0.0009735581595224677, "kalimat 8": 0.04684126148994621, "kalimat 9": 0.06787402831092443, "kalimat 11": 0.03172224913080076, "kalimat 12": 0.0, "kalimat 13": 0.0, "kalimat 14": 0.0036501403750729385, "kalimat 15": 0.0, "kalimat 16": 0.027895890765385647, "kalimat 17": 0.0, "kalimat 18": 0.0, "kalimat 19": 0.03729071266729673, "kalimat 20": 0.04620310534795383, "kalimat 21": 0.040250477289704566, "kalimat 22": 0.0006174165301301884}, "kalimat 11": {"kalimat 1": 0.0, "kalimat 2": 0.005507789680492062, "kalimat 3": 0.038749185409641625, "kalimat 4": 0.0, "kalimat 5": 0.09390164945360291, "kalimat 6": 0.06728873186355588, "kalimat 7": 0.026947652808983407, "kalimat 8": 0.0, "kalimat 9": 0.012668644797685777, "kalimat 10": 0.03172224913080076, "kalimat 12": 0.04196809042694811, "kalimat 13": 0.0, "kalimat 14": 0.2715035596182551, "kalimat 15": 0.03916040774227068, "kalimat 16": 0.15015536168066107, "kalimat 17": 0.0, "kalimat 18": 0.0, "kalimat 19": 0.0, "kalimat 20": 0.003974411593286979, "kalimat 21": 0.0, "kalimat 22": 0.0007902711807904921}, "kalimat 12": {"kalimat 1": 0.0, "kalimat 2": 0.0, "kalimat 3": 0.0, "kalimat 4": 0.0, "kalimat 5": 0.0, "kalimat 6": 0.0, "kalimat 7": 0.03776406460789447, "kalimat 8": 0.0, "kalimat 9": 0.0, "kalimat 10": 0.0, "kalimat 11": 0.04196809042694811, "kalimat 13": 0.402789618657898, "kalimat 14": 0.0357533344296916, "kalimat 15": 0.19763948058958336, "kalimat 16": 0.0, "kalimat 17": 0.0, "kalimat 18": 0.0, "kalimat 19": 0.0, "kalimat 20": 0.0, "kalimat 21": 0.0, "kalimat 22": 0.0}, "kalimat 13": {"kalimat 1": 0.0, "kalimat 2": 0.05127929454668637, "kalimat 3": 0.03725642655339318, "kalimat 4": 0.038620432270946296, "kalimat 5": 0.01868073602769339, "kalimat 6": 0.14216590414977706, "kalimat 7": 0.00427580621789021,