{"kalimat 1": {"kalimat 2": 0.0, "kalimat 3": 0.11245847161438315, "kalimat 4": 0.0, "kalimat 5": 0.0, "kalimat 6": 0.0, "kalimat 7": 0.0, "kalimat 8": 0.0, "kalimat 9": 0.0, "kalimat 10": 0.0, "kalimat 11": 0.09420610116442661, "kalimat 12": 0.0, "kalimat 13": 0.0, "kalimat 14": 0.0, "kalimat 15": 0.0, "kalimat 16": 0.0, "kalimat 17": 0.0, "kalimat 18": 0.041512479267817114, "kalimat 19": 0.17564978734075581, "kalimat 20": 0.04552739092922157, "kalimat 21": 0.0, "kalimat 22": 0.06665508194109847, "kalimat 23": 0.0}, "kalimat 2": {"kalimat 1": 0.0, "kalimat 3": 0.08979592058872321, "kalimat 4": 0.5479239427543772, "kalimat 5": 0.00649145520550728, "kalimat 6": 0.014528491831975646, "kalimat 7": 0.08115422860112122, "kalimat 8": 0.11532124528940936, "kalimat 9": 0.0, "kalimat 10": 0.053756281629570066, "kalimat 11": 0.007691141897479823, "kalimat 12": 0.009895636056187674, "kalimat 13": 0.0, "kalimat 14": 0.050307323785378895, "kalimat 15": 0.04906068672647829, "kalimat 16": 0.03715827307367569, "kalimat 17": 0.004909049705349399, "kalimat 18": 0.014361739210447049, "kalimat 19": 0.0, "kalimat 20": 0.0, "kalimat 21": 0.018452757935063006, "kalimat 22": 0.018173664869003427, "kalimat 23": 0.037216106803610705}, "kalimat 3": {"kalimat 1": 0.11245847161438315, "kalimat 2": 0.08979592058872321, "kalimat 4": 0.11618555693670332, "kalimat 5": 0.07194096998134611, "kalimat 6": 0.0, "kalimat 7": 0.07158157688728475, "kalimat 8": 0.029688114059633324, "kalimat 9": 0.005742708711070302, "kalimat 10": 0.06191391202422598, "kalimat 11": 0.05843487105126664, "kalimat 12": 0.057942134419781334, "kalimat 13": 0.0, "kalimat 14": 0.04044003476179413, "kalimat 15": 0.06148336287164008, "kalimat 16": 0.04467471599088553, "kalimat 17": 0.009252088266874597, "kalimat 18": 0.06472892875406541, "kalimat 19": 0.04127201458360523, "kalimat 20": 0.1064165656841435, "kalimat 21": 0.036968985948229866, "kalimat 22": 0.0859615372023888, "kalimat 23": 0.041967333160616474}, "kalimat 4": {"kalimat 1": 0.0, "kalimat 2": 0.5479239427543772, "kalimat 3": 0.11618555693670332, "kalimat 5": 0.055949894207158214, "kalimat 6": 0.05327900635407282, "kalimat 7": 0.0, "kalimat 8": 0.011761846669172158, "kalimat 9": 0.04525822668379325, "kalimat 10": 0.04176465778341057, "kalimat 11": 0.0, "kalimat 12": 0.0, "kalimat 13": 0.0, "kalimat 14": 0.0390850724455583, "kalimat 15": 0.04221503591271253, "kalimat 16": 0.044004397903016496, "kalimat 17": 0.0, "kalimat 18": 0.014237166381521888, "kalimat 19": 0.0, "kalimat 20": 0.026458756024391353, "kalimat 21": 0.012528687650597897, "kalimat 22": 0.09857714914375088, "kalimat 23": 0.029478371482944802}, "kalimat 5": {"kalimat 1": 0.0, "kalimat 2": 0.00649145520550728, "kalimat 3": 0.07194096998134611, "kalimat 4": 0.055949894207158214, "kalimat 6": 0.0, "kalimat 7": 0.2677082769980364, "kalimat 8": 0.04248893130343773, "kalimat 9": 0.04394781414704554, "kalimat 10": 0.0, "kalimat 11": 0.010337151275693356, "kalimat 12": 0.05018688946069876, "kalimat 13": 0.0, "kalimat 14": 0.0, "kalimat 15": 0.03727858304990299, "kalimat 16": 0.0, "kalimat 17": 0.006597926562858315, "kalimat 18": 0.0, "kalimat 19": 0.0, "kalimat 20": 0.0, "kalimat 21": 0.05116249589501086, "kalimat 22": 0.1300992275413212, "kalimat 23": 0.004001121238663862}, "kalimat 6": {"kalimat 1": 0.0, "kalimat 2": 0.014528491831975646, "kalimat 3": 0.0, "kalimat 4": 0.05327900635407282, "kalimat 5": 0.0, "kalimat 7": 0.0, "kalimat 8": 0.013292074125242838, "kalimat 9": 0.14212708917731115, "kalimat 10": 0.02268720604871393, "kalimat 11": 0.0, "kalimat 12": 0.07960600340899167, "kalimat 13": 0.0, "kalimat 14": 0.026839679494361942, "kalimat 15": 0.012743964675573547, "kalimat 16": 0.010564489044117545, "kalimat 17": 0.018737215960708944, "kalimat 18": 0.0, "kalimat 19": 0.0, "kalimat 20": 0.013829232393580932, "kalimat 21": 0.0, "kalimat 22": 0.015956567099991718, "kalimat 23": 0.01136264128125519}, "kalimat 7": {"kalimat 1": 0.0, "kalimat 2": 0.08115422860112122, "kalimat 3": 0.07158157688728475, "kalimat 4": 0.0, "kalimat 5": 0.2677082769980364, "kalimat 6": 0.0, "kalimat 8": 0.21245237788446814, "kalimat 9": 0.03589022251716721, "kalimat 10": 0.034294933698745936, "kalimat 11": 0.008441891062816254, "kalimat 12": 0.07110922420121511, "kalimat 13": 0.0, "kalimat 14": 0.14143398127550005, "kalimat 15": 0.1664816885902259, "kalimat 16": 0.0, "kalimat 17": 0.005388232773093051, "kalimat 18": 0.0, "kalimat 19": 0.0, "kalimat 20": 0.0, "kalimat 21": 0.00638200717257116, "kalimat 22": 0.04165444839241584, "kalimat 23": 0.050020819274521004}, "kalimat 8": {"kalimat 1": 0.0, "kalimat 2": 0.11532124528940936, "kalimat 3": 0.029688114059633324, "kalimat 4": 0.011761846669172158, "kalimat 5": 0.04248893130343773, "kalimat 6": 0.013292074125242838, "kalimat 7": 0.21245237788446814, "kalimat 9": 0.034097275608698546, "kalimat 10": 0.013460731596360107, "kalimat 11": 0.0, "kalimat 12": 0.025109232751938694, "kalimat 13": 0.038221754538042566, "kalimat 14": 0.006433420127148306, "kalimat 15": 0.03477930880803734, "kalimat 16": 0.09082032513305997, "kalimat 17": 0.036622787777655194, "kalimat 18": 0.016162028391310097, "kalimat 19": 0.0, "kalimat 20": 0.04556367983545104, "kalimat 21": 0.07396886743800608, "kalimat 22": 0.05620057354985167, "kalimat 23": 0.01184007816594667}, "kalimat 9": {"kalimat 1": 0.0, "kalimat 2": 0.0, "kalimat 3": 0.005742708711070302, "kalimat 4": 0.04525822668379325, "kalimat 5": 0.04394781414704554, "kalimat 6": 0.14212708917731115, "kalimat 7": 0.03589022251716721, "kalimat 8": 0.034097275608698546, "kalimat 10": 0.1370993810600476, "kalimat 11": 0.0463816974162774, "kalimat 12": 0.0, "kalimat 13": 0.0, "kalimat 14": 0.0355820264664854, "kalimat 15": 0.05109775882195773, "kalimat 16": 0.07692119305394829, "kalimat 17": 0.10996718410117605, "kalimat 18": 0.0723573049192937, "kalimat 19": 0.06216819778258033, "kalimat 20": 0.062033233451654825, "kalimat 21": 0.05591581501130399, "kalimat 22": 0.04093232260448061, "kalimat 23": 0.012246614324267921}, "kalimat 10": {"kalimat 1": 0.0, "kalimat 2": 0.053756281629570066, "kalimat 3": 0.06191391202422598, "kalimat 4": 0.04176465778341057, "kalimat 5": 0.0, "kalimat 6": 0.02268720604871393, "kalimat 7": 0.034294933698745936, "kalimat 8": 0.013460731596360107, "kalimat 9": 0.1370993810600476, "kalimat 11": 0.07786261263983191, "kalimat 12": 0.01888908755210051, "kalimat 13": 0.0, "kalimat 14": 0.02587895551164491, "kalimat 15": 0.05825766406813513, "kalimat 16": 0.010698537349072692, "kalimat 17": 0.0180665189523269, "kalimat 18": 0.03125375747709505, "kalimat 19": 0.04521518824032989, "kalimat 20": 0.054613519795503676, "kalimat 21": 0.004001825308085055, "kalimat 22": 0.07659463702140624, "kalimat 23": 0.008907013420512115}, "kalimat 11": {"kalimat 1": 0.09420610116442661, "kalimat 2": 0.007691141897479823, "kalimat 3": 0.05843487105126664, "kalimat 4": 0.0, "kalimat 5": 0.010337151275693356, "kalimat 6": 0.0, "kalimat 7": 0.008441891062816254, "kalimat 8": 0.0, "kalimat 9": 0.0463816974162774, "kalimat 10": 0.07786261263983191, "kalimat 12": 0.05946193511554933, "kalimat 13": 0.0, "kalimat 14": 0.0, "kalimat 15": 0.006746442906109819, "kalimat 16": 0.0, "kalimat 17": 0.00781729024041368, "kalimat 18": 0.0, "kalimat 19": 0.0, "kalimat 20": 0.036768115481940145, "kalimat 21": 0.0527738119388839, "kalimat 22": 0.039698950959802276, "kalimat 23": 0.004740568982048332}, "kalimat 12": {"kalimat 1": 0.0, "kalimat 2": 0.009895636056187674, "kalimat 3": 0.057942134419781334, "kalimat 4": 0.0, "kalimat 5": 0.05018688946069876, "kalimat 6": 0.07960600340899167, "kalimat 7": 0.07110922420121511, "kalimat 8": 0.025109232751938694, "kalimat 9": 0.0, "kalimat 10": 0.01888908755210051, "kalimat 11": 0.05946193511554933, "kalimat 13": 0.04279766748461334, "kalimat 14": 0.0, "kalimat 15": 0.2712044129371675, "kalimat 16": 0.03991344192254985, "kalimat 17": 0.16630800966028614, "kalimat 18": 0.0, "kalimat 19": 0.0, "kalimat 20": 0.0,