{"kalimat 1": 4.061368774499639, "kalimat 2": 3.6192335679441943, "kalimat 3": 4.2773045877363405, "kalimat 4": 3.7884799228647865, "kalimat 5": 2.779222782581519, "kalimat 6": 3.7071031223348285, "kalimat 7": 3.3637532055510553, "kalimat 8": 3.2680128546870004, "kalimat 9": 3.2389168837636477, "kalimat 10": 3.53822562013523, "kalimat 11": 3.3721996188003005, "kalimat 12": 2.927326286662956, "kalimat 13": 2.871193600821591, "kalimat 14": 2.574157283665124, "kalimat 15": 3.220823493735809, "kalimat 16": 3.1992805050288777, "kalimat 17": 2.4879483099584894, "kalimat 18": 3.4573923270691385, "kalimat 19": 2.4800234145920363, "kalimat 20": 2.920762935791229, "kalimat 21": 3.4445624994744257, "kalimat 22": 2.3222334858092877, "kalimat 23": 3.6014587942377334}