{"kalimat 1": 4.82565169400681, "kalimat 2": 3.968824950665809, "kalimat 3": 4.26050271644188, "kalimat 4": 4.218373973268287, "kalimat 5": 4.169271391449755, "kalimat 6": 4.508111383036415, "kalimat 7": 4.289028461998122, "kalimat 8": 4.6398868996727, "kalimat 9": 4.318966201839709, "kalimat 10": 4.9058669469316065, "kalimat 11": 4.241945844256055, "kalimat 12": 3.812632432526752, "kalimat 13": 4.031131586421191, "kalimat 14": 4.379692589484801, "kalimat 15": 3.925804585677423, "kalimat 16": 4.160591626775821, "kalimat 17": 3.9992059727252185, "kalimat 18": 4.182092694416877, "kalimat 19": 4.099738453636668, "kalimat 20": 3.7283482054674715, "kalimat 21": 4.12714101081045, "kalimat 22": 4.437071642461263, "kalimat 23": 3.374033827140687, "kalimat 24": 3.6097051345912674, "kalimat 25": 3.484780511543314, "kalimat 26": 3.455403515527375, "kalimat 27": 4.2996830683715395, "kalimat 28": 4.038265080916972, "kalimat 29": 4.066567679443453, "kalimat 30": 3.620432857048657, "kalimat 31": 3.2814753447494933, "kalimat 32": 3.3401275696062673, "kalimat 33": 3.852543187286247, "kalimat 34": 3.891435308970787, "kalimat 35": 3.8759168780559063, "kalimat 36": 3.721473628534796, "kalimat 37": 3.255748223353651, "kalimat 38": 3.765340166409562, "kalimat 39": 3.603427751807132, "kalimat 40": 2.7718084594018286, "kalimat 41": 3.256127279327899, "kalimat 42": 3.2100659512306415, "kalimat 43": 2.848082788728318, "kalimat 44": 3.823570122570416, "kalimat 45": 3.338528782614199, "kalimat 46": 3.1500696622690736}