{"kalimat 1": 4.11657489254555, "kalimat 2": 4.45326710527413, "kalimat 3": 3.6511757081033163, "kalimat 4": 3.75646333147354, "kalimat 5": 4.5014100108265795, "kalimat 6": 3.9611955029228505, "kalimat 7": 4.558247227047029, "kalimat 8": 4.635594344327817, "kalimat 9": 4.422201574666582, "kalimat 10": 4.409855551821637, "kalimat 11": 4.0898541317539365, "kalimat 12": 4.358849569128831, "kalimat 13": 4.5409774497716535, "kalimat 14": 3.6161492668300115, "kalimat 15": 4.7276158911786155, "kalimat 16": 3.5702385625129907, "kalimat 17": 4.045870429347666, "kalimat 18": 3.654328140692831, "kalimat 19": 3.405851435928912, "kalimat 20": 3.528671425244153, "kalimat 21": 3.832059865749735, "kalimat 22": 3.709016311540912, "kalimat 23": 3.6201012051794237, "kalimat 24": 3.9105881968933756, "kalimat 25": 3.410642077744419, "kalimat 26": 3.3344956866290527, "kalimat 27": 3.5632220570961755, "kalimat 28": 3.6724071043540487, "kalimat 29": 3.72839848681727, "kalimat 30": 3.867611610792484, "kalimat 31": 3.9562563972221856, "kalimat 32": 3.913875029506648, "kalimat 33": 4.004778135635889, "kalimat 34": 3.77381769604488, "kalimat 35": 4.042308401979715, "kalimat 36": 2.875866888748213, "kalimat 37": 3.8298130384339135, "kalimat 38": 3.7330520930826, "kalimat 39": 3.460135161239201, "kalimat 40": 3.1138820165947614, "kalimat 41": 3.482704831847604, "kalimat 42": 4.056493873657964, "kalimat 43": 3.9654210026450887, "kalimat 44": 3.0341571373141507, "kalimat 45": 3.41793692048759, "kalimat 46": 3.457913341073337, "kalimat 47": 3.4537493442122145, "kalimat 48": 3.7958730757871852, "kalimat 49": 3.372903709612998, "kalimat 50": 3.6616184838976165, "kalimat 51": 3.500540590267107, "kalimat 52": 3.933302474446512, "kalimat 53": 2.7302507163707457, "kalimat 54": 2.99150780974989, "kalimat 55": 3.502796894207735, "kalimat 56": 2.9294458157713437, "kalimat 57": 3.987529545946674, "kalimat 58": 3.574300350564492, "kalimat 59": 3.4965215639109752}