{"kalimat 1": 2.885397630402121, "kalimat 2": 3.088032979704189, "kalimat 3": 3.232938719107297, "kalimat 4": 3.8063881575256184, "kalimat 5": 3.4365864207699452, "kalimat 6": 3.0772287856498863, "kalimat 7": 3.1388567674624333, "kalimat 8": 2.393920814497278, "kalimat 9": 2.650090050636887, "kalimat 10": 2.6025229247499975, "kalimat 11": 2.8491765959448507, "kalimat 12": 2.5816808433363874}