{
  "kalimat 1": 4.014940727343825,
  "kalimat 2": 3.5708292362033998,
  "kalimat 3": 4.226923971410567,
  "kalimat 4": 3.7361230219540316,
  "kalimat 5": 3.7047215610618984,
  "kalimat 6": 3.3509219963399053,
  "kalimat 7": 3.2532053608908704,
  "kalimat 8": 3.222133105382537,
  "kalimat 9": 3.519465557169139,
  "kalimat 10": 3.351463271249229,
  "kalimat 11": 2.904613654526905,
  "kalimat 12": 2.8465046841005597,
  "kalimat 13": 2.5474920823591125,
  "kalimat 14": 3.192182007844818,
  "kalimat 15": 3.168662734552905,
  "kalimat 16": 2.4553542548975376,
  "kalimat 17": 3.4228219874232066,
  "kalimat 18": 2.4434767903611236,
  "kalimat 19": 2.8822400269753348,
  "kalimat 20": 3.4040633060735543,
  "kalimat 21": 2.2797580078234336,
  "kalimat 22": 3.5570070316669
}
