{"kalimat 1": 3.6963542465804697, "kalimat 2": 3.103501793876023, "kalimat 3": 4.920439012975326, "kalimat 4": 3.5988420705820547, "kalimat 5": 3.5330001721542654, "kalimat 6": 3.776938326478649, "kalimat 7": 3.6089680067880003, "kalimat 8": 4.224850484242756, "kalimat 9": 3.3925208249140977, "kalimat 10": 3.2775132792455146, "kalimat 11": 2.9123351690518064, "kalimat 12": 3.2182332740250796, "kalimat 13": 3.7963312103565885, "kalimat 14": 3.591164843488344, "kalimat 15": 3.730443818763693, "kalimat 16": 3.6317724063716943, "kalimat 17": 3.8210927451937104, "kalimat 18": 3.3034124512324445, "kalimat 19": 3.6857656091218747, "kalimat 20": 3.750201604317273, "kalimat 21": 3.209477372224904, "kalimat 22": 3.9980435189030747, "kalimat 23": 3.3539429594824766, "kalimat 24": 3.3691854360755595, "kalimat 25": 3.3829580177665806, "kalimat 26": 2.8810408851400378, "kalimat 27": 3.5427440188227695, "kalimat 28": 3.0492007185723997, "kalimat 29": 3.157446010035976, "kalimat 30": 2.7153877433503975, "kalimat 31": 2.6763518051437574, "kalimat 32": 3.3395610088022183, "kalimat 33": 3.4103253197334613, "kalimat 34": 2.511136890997822, "kalimat 35": 3.1646753156457677, "kalimat 36": 3.5473505493662683}