{"kalimat 1": 3.8932692444318784, "kalimat 2": 4.309791078845165, "kalimat 3": 3.915086098375512, "kalimat 4": 3.989412461574801, "kalimat 5": 3.3838589721832797, "kalimat 6": 3.01673166425689, "kalimat 7": 3.3952096268573024, "kalimat 8": 3.046196525427149, "kalimat 9": 3.3826090899389794, "kalimat 10": 3.1387357380918797, "kalimat 11": 3.3467205797364548, "kalimat 12": 2.974524295101744, "kalimat 13": 3.0362172902276585, "kalimat 14": 3.3677686563130713, "kalimat 15": 3.119998228614528, "kalimat 16": 2.9064468935440395, "kalimat 17": 2.532366236817115, "kalimat 18": 3.099762525013067}