{"kalimat 1": 3.7314429207179387, "kalimat 2": 4.110742833079867, "kalimat 3": 3.8318205590284657, "kalimat 4": 3.0078746284308266, "kalimat 5": 3.5735043640879103, "kalimat 6": 3.8911806512065548, "kalimat 7": 3.5072472805303936, "kalimat 8": 3.0878118014208438, "kalimat 9": 3.1992246836480547, "kalimat 10": 2.32941742220935, "kalimat 11": 2.701075036437923, "kalimat 12": 3.0033518392814162, "kalimat 13": 2.327037742447272, "kalimat 14": 2.1982446240383977, "kalimat 15": 2.2825013364556095, "kalimat 16": 2.8937005838017136}