{"kalimat 1": 3.9524407273438253, "kalimat 2": 3.409170870822499, "kalimat 3": 4.074592349416296, "kalimat 4": 3.639460877659735, "kalimat 5": 4.013178934205744, "kalimat 6": 3.2450753062958944, "kalimat 7": 3.139674942661012, "kalimat 8": 3.161637018350067, "kalimat 9": 3.398801574648767, "kalimat 10": 3.2030247020312745, "kalimat 11": 2.760335922499688, "kalimat 12": 2.8291435729894485, "kalimat 13": 2.5125996736387397, "kalimat 14": 3.060369870039098, "kalimat 15": 3.088744894609077, "kalimat 16": 2.845608488719858, "kalimat 17": 3.2931276321333254, "kalimat 18": 2.4191712348055683, "kalimat 19": 2.7897719217955763, "kalimat 20": 3.2568313547906023, "kalimat 21": 2.2003026605717713, "kalimat 22": 3.4601144316487904}