{"kalimat 1": 4.524453768491231, "kalimat 2": 4.553921750773011, "kalimat 3": 4.498113752040666, "kalimat 4": 4.473941363928209, "kalimat 5": 4.811404572205516, "kalimat 6": 4.14516203704363, "kalimat 7": 3.9938685668842115, "kalimat 8": 3.892084205226368, "kalimat 9": 3.380320899355955, "kalimat 10": 4.579905586644058, "kalimat 11": 3.5557171707191015, "kalimat 12": 4.1082736110662985, "kalimat 13": 4.46721360693694, "kalimat 14": 3.276147176947923, "kalimat 15": 3.814825113994469, "kalimat 16": 3.2159575058807928, "kalimat 17": 3.7441049057440017, "kalimat 18": 3.6161346975910225, "kalimat 19": 3.7370886010764544, "kalimat 20": 3.2298458685070566, "kalimat 21": 3.8997283167663355, "kalimat 22": 3.372775252163997, "kalimat 23": 3.5731883033731013, "kalimat 24": 3.450038914396246, "kalimat 25": 3.0841270457728927, "kalimat 26": 3.474562341539987, "kalimat 27": 3.925930099814304, "kalimat 28": 2.525416861785506, "kalimat 29": 3.1258853273942298, "kalimat 30": 3.349260600889243, "kalimat 31": 2.9294133755731435, "kalimat 32": 3.626833542824748, "kalimat 33": 3.4438320545804726, "kalimat 34": 4.477082275619178, "kalimat 35": 3.342587415973779, "kalimat 36": 2.802529722771529, "kalimat 37": 3.168378869247242, "kalimat 38": 3.037906645169628, "kalimat 39": 4.381903217433619, "kalimat 40": 3.8728111771823728, "kalimat 41": 3.592513078943332, "kalimat 42": 3.2432720739759215, "kalimat 43": 2.966402694851844, "kalimat 44": 3.715090238081222, "kalimat 45": 2.676249162027736, "kalimat 46": 3.472766071827465, "kalimat 47": 3.3307567770853814, "kalimat 48": 3.491229752252076, "kalimat 49": 3.0697370984889587, "kalimat 50": 3.5044614324182697, "kalimat 51": 3.223269729901036, "kalimat 52": 3.753526049844839}