{"kalimat 1": 4.013871020976615, "kalimat 2": 4.595265984201851, "kalimat 3": 4.232875714793706, "kalimat 4": 4.014244223638799, "kalimat 5": 4.1689991888860565, "kalimat 6": 3.229676696751633, "kalimat 7": 4.557143224502277, "kalimat 8": 4.231325376658889, "kalimat 9": 4.202989434972084, "kalimat 10": 3.775764518500351, "kalimat 11": 3.4967129235789214, "kalimat 12": 3.9045128186592306, "kalimat 13": 3.2969558711601095, "kalimat 14": 3.5859984380493124, "kalimat 15": 4.162378963705638, "kalimat 16": 3.211377364796377, "kalimat 17": 3.7148916152657105, "kalimat 18": 3.7423252489921843, "kalimat 19": 3.824285568465979, "kalimat 20": 3.7874480892504976, "kalimat 21": 3.43205633674294, "kalimat 22": 3.6701849284291583, "kalimat 23": 3.1619543505321874, "kalimat 24": 3.5603748562342474, "kalimat 25": 3.6963876414464503, "kalimat 26": 3.369348163797433, "kalimat 27": 4.107385803046451, "kalimat 28": 3.6030288444916962, "kalimat 29": 3.0797756688399422, "kalimat 30": 3.4458724144721176, "kalimat 31": 3.6523285108936387, "kalimat 32": 3.3816021248749433, "kalimat 33": 3.318714491225751}