{"kalimat 1": {"kalimat 2": 0.0, "kalimat 3": 0.11195745128986818, "kalimat 4": 0.0, "kalimat 5": 0.0, "kalimat 6": 0.0, "kalimat 7": 0.0, "kalimat 8": 0.0, "kalimat 9": 0.0, "kalimat 10": 0, "kalimat 11": 0.0, "kalimat 12": 0.0, "kalimat 13": 0.0, "kalimat 14": 0.0, "kalimat 15": 0.0, "kalimat 16": 0.0, "kalimat 17": 0, "kalimat 18": 0.17326136902787104, "kalimat 19": 0, "kalimat 20": 0.0, "kalimat 21": 0, "kalimat 22": 0.0}, "kalimat 2": {"kalimat 1": 0.0, "kalimat 3": 0.0879258578110099, "kalimat 4": 0.5468524593757976, "kalimat 5": 0, "kalimat 6": 0, "kalimat 7": 0, "kalimat 8": 0.0, "kalimat 9": 0, "kalimat 10": 0, "kalimat 11": 0, "kalimat 12": 0.0, "kalimat 13": 0, "kalimat 14": 0, "kalimat 15": 0, "kalimat 16": 0, "kalimat 17": 0, "kalimat 18": 0.0, "kalimat 19": 0.0, "kalimat 20": 0, "kalimat 21": 0, "kalimat 22": 0}, "kalimat 3": {"kalimat 1": 0.11195745128986818, "kalimat 2": 0.0879258578110099, "kalimat 4": 0.11434484160513735, "kalimat 5": 0, "kalimat 6": 0, "kalimat 7": 0, "kalimat 8": 0, "kalimat 9": 0, "kalimat 10": 0.056279812277283445, "kalimat 11": 0, "kalimat 12": 0.0, "kalimat 13": 0, "kalimat 14": 0, "kalimat 15": 0, "kalimat 16": 0, "kalimat 17": 0, "kalimat 18": 0, "kalimat 19": 0, "kalimat 20": 0, "kalimat 21": 0, "kalimat 22": 0}, "kalimat 4": {"kalimat 1": 0.0, "kalimat 2": 0.5468524593757976, "kalimat 3": 0.11434484160513735, "kalimat 5": 0.07349382056161761, "kalimat 6": 0.0, "kalimat 7": 0, "kalimat 8": 0, "kalimat 9": 0, "kalimat 10": 0.0, "kalimat 11": 0.0, "kalimat 12": 0.0, "kalimat 13": 0, "kalimat 14": 0, "kalimat 15": 0, "kalimat 16": 0.0, "kalimat 17": 0, "kalimat 18": 0.0, "kalimat 19": 0, "kalimat 20": 0, "kalimat 21": 0, "kalimat 22": 0}, "kalimat 5": {"kalimat 1": 0.0, "kalimat 2": 0.014809857514841374, "kalimat 3": 0.03798530507417194, "kalimat 4": 0.07349382056161761, "kalimat 6": 0.14464070594328707, "kalimat 7": 0, "kalimat 8": 0, "kalimat 9": 0, "kalimat 10": 0, "kalimat 11": 0, "kalimat 12": 0.0, "kalimat 13": 0, "kalimat 14": 0, "kalimat 15": 0, "kalimat 16": 0, "kalimat 17": 0.0, "kalimat 18": 0.0, "kalimat 19": 0, "kalimat 20": 0, "kalimat 21": 0, "kalimat 22": 0}, "kalimat 6": {"kalimat 1": 0.0, "kalimat 2": 0.07950750880354912, "kalimat 3": 0.07000881232421147, "kalimat 4": 0.0, "kalimat 5": 0.14464070594328707, "kalimat 7": 0.21255631790027513, "kalimat 8": 0, "kalimat 9": 0, "kalimat 10": 0, "kalimat 11": 0, "kalimat 12": 0.0, "kalimat 13": 0, "kalimat 14": 0, "kalimat 15": 0.0, "kalimat 16": 0, "kalimat 17": 0.0, "kalimat 18": 0.0, "kalimat 19": 0.0, "kalimat 20": 0, "kalimat 21": 0, "kalimat 22": 0}, "kalimat 7": {"kalimat 1": 0.0, "kalimat 2": 0.11404411385767593, "kalimat 3": 0.028128854178821577, "kalimat 4": 0.01119028360117737, "kalimat 5": 0.03331098756326563, "kalimat 6": 0.21255631790027513, "kalimat 8": 0.03294923901219549, "kalimat 9": 0, "kalimat 10": 0, "kalimat 11": 0.0244450717906382, "kalimat 12": 0, "kalimat 13": 0, "kalimat 14": 0, "kalimat 15": 0, "kalimat 16": 0, "kalimat 17": 0, "kalimat 18": 0.0, "kalimat 19": 0, "kalimat 20": 0, "kalimat 21": 0, "kalimat 22": 0}, "kalimat 8": {"kalimat 1": 0.0, "kalimat 2": 0.0, "kalimat 3": 0.005076222941242882, "kalimat 4": 0.04495010418278393, "kalimat 5": 0.14157227230983477, "kalimat 6": 0.035264023868841574, "kalimat 7": 0.03294923901219549, "kalimat 9": 0.13526871707814908, "kalimat 10": 0, "kalimat 11": 0.0, "kalimat 12": 0.0, "kalimat 13": 0, "kalimat 14": 0, "kalimat 15": 0, "kalimat 16": 0, "kalimat 17": 0, "kalimat 18": 0, "kalimat 19": 0, "kalimat 20": 0, "kalimat 21": 0, "kalimat 22": 0}, "kalimat 9": {"kalimat 1": 0.0, "kalimat 2": 0.05297307646923928, "kalimat 3": 0.06013431147250854, "kalimat 4": 0.04105162495090367, "kalimat 5": 0.018175977162532407, "kalimat 6": 0.03396776706184681, "kalimat 7": 0.01260213289769944, "kalimat 8": 0.13526871707814908, "kalimat 10": 0.07686078907803207, "kalimat 11": 0, "kalimat 12": 0.0, "kalimat 13": 0.02449495199919665, "kalimat 14": 0, "kalimat 15": 0, "kalimat 16": 0, "kalimat 17": 0.03069257763362897, "kalimat 18": 0, "kalimat 19": 0, "kalimat 20": 0, "kalimat 21": 0, "kalimat 22": 0}, "kalimat 10": {"kalimat 1": 0.09402449192556256, "kalimat 2": 0.0068855734246996625, "kalimat 3": 0.056279812277283445, "kalimat 4": 0.0, "kalimat 5": 0.0050482263689292884, "kalimat 6": 0.007629706451844773, "kalimat 7": 4.42486327436727e-05, "kalimat 8": 0.04602564906214847, "kalimat 9": 0.07686078907803207, "kalimat 11": 0.05642045525756247, "kalimat 12": 0.0, "kalimat 13": 0.0, "kalimat 14": 0, "kalimat 15": 0.0, "kalimat 16": 0, "kalimat 17": 0.0, "kalimat 18": 0.0, "kalimat 19": 0, "kalimat 20": 0, "kalimat 21": 0, "kalimat 22": 0}, "kalimat 11": {"kalimat 1": 0.0, "kalimat 2": 0.008936261578748671, "kalimat 3": 0.05577189618245204, "kalimat 4": 0.0, "kalimat 5": 0.09274121015020871, "kalimat 6": 0.06865187277615005, "kalimat 7": 0.0244450717906382, "kalimat 8": 0.0, "kalimat 9": 0.018379237377476803, "kalimat 10": 0.05642045525756247, "kalimat 12": 0.04154125225749922, "kalimat 13": 0.0, "kalimat 14": 0.2690964308915059, "kalimat 15": 0, "kalimat 16": 0, "kalimat 17": 0.0, "kalimat 18": 0.0, "kalimat 19": 0.0, "kalimat 20": 0, "kalimat 21": 0.0, "kalimat 22": 0}, "kalimat 12": {"kalimat 1": 0.0, "kalimat 2": 0.0, "kalimat 3": 0.0, "kalimat 4": 0.0, "kalimat 5": 0.0, "kalimat 6": 0.0, "kalimat 7": 0.037058363076563114, "kalimat 8": 0.0, "kalimat 9": 0.0, "kalimat 10": 0.0, "kalimat 11": 0.04154125225749922, "kalimat 13": 0.40231208906809335, "kalimat 14": 0.03559151090817838, "kalimat 15": 0, "kalimat 16": 0.0, "kalimat 17": 0.0, "kalimat 18": 0.0, "kalimat 19": 0.0, "kalimat 20": 0.0, "kalimat 21": 0.0, "kalimat 22": 0.0}, "kalimat 13": {"kalimat 1": 0.0, "kalimat 2": 0.049324472601610284, "kalimat 3": 0.03879403303442681, "kalimat 4": 0.03825438317740615, "kalimat 5": 0.021602692778181075, "kalimat 6": 0.14216078261188683, "kalimat 7": 0.00567789362084094, "kalimat 8": 0.03373511850339652, "kalimat 9": 0.02449495199919665, "kalimat 10": 0.0, "kalimat 11": 0.0, "kalimat 12": 0.40231208906809335, "kalimat 14": 0.0, "kalimat 15": 0.04033461398582022, "kalimat 16": 0, "kalimat 17": 0, "kalimat 18": 0.0, "kalimat 19": 0, "kalimat 20": 0, "kalimat 21": 0, "kalimat 22": 0}, "kalimat 14": {"kalimat 1": 0.0, "kalimat 2": 0.047491348545233764, "kalimat 3": 0.060102360187827775, "kalimat 4": 0.041268665670531716, "kalimat 5": 0.029785088230995523, "kalimat 6": 0.16341253732756106, "kalimat 7": 0.03359556624025336, "kalimat 8": 0.050820196408515775, "kalimat 9": 0.05698574185893995, "kalimat 10": 0.006080099491366575, "kalimat 11": 0.2690964308915059, "kalimat 12": 0.03559151090817838, "kalimat 13": 0.0, "kalimat 15": 0.1953839460596635, "kalimat 16": 0, "kalimat 17": 0.0, "kalimat 18": 0.0, "kalimat 19": 0, "kalimat 20": 0, "kalimat 21": 0, "kalimat 22": 0}, "kalimat 15": {"kalimat 1": 0.0, "kalimat 2": 0.036094104077266584, "kalimat 3": 0.04314477507144051, "kalimat 4": 0.04267621642458769, "kalimat 5": 0.008413979445108782, "kalimat 6": 0.0, "kalimat 7": 0.08852620021938012, "kalimat 8": 0.07583355759665548, "kalimat 9": 0.010008405618719154, "kalimat 10": 0.0, "kalimat 11": 0.03875068303463964, "kalimat 12": 0.19758113940508484, "kalimat 13": 0.04033461398582022, "kalimat 14": 0.1953839460596635, "kalimat 16": 0.0031519099850130013, "kalimat 17": 0, "kalimat 18": 0, "kalimat 19": 0, "kalimat 20": 0, "kalimat 21": 0.03687185759837847, "kalimat 22": 0.0}, "kalimat 16": {"kalimat 1": 0.0, "kalimat 2": 0.004588291942724614, "kalimat 3": 0.008178811859052747, "kalimat 4": 0.0, "kalimat 5": 0.01844092077503318, "kalimat 6": 0.005185002780202421, "kalimat 7": 0.035505045678219056, "kalimat 8": 0.10878974126274256, "kalimat 9": 0.017180619923276567, "kalimat 10": 0.007090478532681241, "kalimat 11": 0.16526074183415734, "kalimat 12": 0.0, "kalimat 13": 0.03623602173976143, "kalimat 14": 0.05871959617426138, "kalimat 15": 0.0031519099850130013, "kalimat 17": 0.125915715176006, "kalimat 18": 0, "kalimat 19": 0,