{"kalimat 1": {"kalimat 2": 0.08442367445286343, "kalimat 3": 0.0, "kalimat 4": 0.0, "kalimat 5": 0.2198286079850521, "kalimat 6": 0, "kalimat 7": 0.0, "kalimat 8": 0.0, "kalimat 9": 0.15642591138271192, "kalimat 10": 0, "kalimat 11": 0, "kalimat 12": 0, "kalimat 13": 0.0, "kalimat 14": 0.14174117909410175, "kalimat 15": 0, "kalimat 16": 0, "kalimat 17": 0.0, "kalimat 18": 0.0}, "kalimat 2": {"kalimat 1": 0.08442367445286343, "kalimat 3": 0.039759250676561754, "kalimat 4": 0, "kalimat 5": 0.04690947324424453, "kalimat 6": 0.059728875490917224, "kalimat 7": 0.12393006948431846, "kalimat 8": 0.0, "kalimat 9": 0, "kalimat 10": 0, "kalimat 11": 0, "kalimat 12": 0.0, "kalimat 13": 0, "kalimat 14": 0, "kalimat 15": 0, "kalimat 16": 0, "kalimat 17": 0.0, "kalimat 18": 0}, "kalimat 3": {"kalimat 1": 0.0, "kalimat 2": 0.039759250676561754, "kalimat 4": 0.06396898450810584, "kalimat 5": 0.0, "kalimat 6": 0.0, "kalimat 7": 0.0, "kalimat 8": 0.0, "kalimat 9": 0.0, "kalimat 10": 0.0, "kalimat 11": 0.0, "kalimat 12": 0.0, "kalimat 13": 0.0, "kalimat 14": 0.10909046979951315, "kalimat 15": 0, "kalimat 16": 0.0, "kalimat 17": 0.09836595205102784, "kalimat 18": 0.0}, "kalimat 4": {"kalimat 1": 0.0, "kalimat 2": 0.04965301156372995, "kalimat 3": 0.06396898450810584, "kalimat 5": 0.0, "kalimat 6": 0.019761139786138873, "kalimat 7": 0, "kalimat 8": 0, "kalimat 9": 0.0, "kalimat 10": 0.0, "kalimat 11": 0.0, "kalimat 12": 0, "kalimat 13": 0.0, "kalimat 14": 0.0, "kalimat 15": 0.0, "kalimat 16": 0.0, "kalimat 17": 0, "kalimat 18": 0.0}, "kalimat 5": {"kalimat 1": 0.2198286079850521, "kalimat 2": 0.04690947324424453, "kalimat 3": 0.0, "kalimat 4": 0.0, "kalimat 6": 0.07467701385112298, "kalimat 7": 0.0, "kalimat 8": 0.0, "kalimat 9": 0.0, "kalimat 10": 0, "kalimat 11": 0, "kalimat 12": 0, "kalimat 13": 0, "kalimat 14": 0, "kalimat 15": 0.0, "kalimat 16": 0, "kalimat 17": 0.0, "kalimat 18": 0}, "kalimat 6": {"kalimat 1": 0.12661702584454312, "kalimat 2": 0.059728875490917224, "kalimat 3": 0.0, "kalimat 4": 0.019761139786138873, "kalimat 5": 0.07467701385112298, "kalimat 7": 0.1889026279195065, "kalimat 8": 0, "kalimat 9": 0.04710165758709506, "kalimat 10": 0, "kalimat 11": 0, "kalimat 12": 0.2558716585450804, "kalimat 13": 0, "kalimat 14": 0, "kalimat 15": 0.09562527803316839, "kalimat 16": 0.09238835687720127, "kalimat 17": 0, "kalimat 18": 0.0327024037058947}, "kalimat 7": {"kalimat 1": 0.0, "kalimat 2": 0.12393006948431846, "kalimat 3": 0.0, "kalimat 4": 0.01657404417378081, "kalimat 5": 0.0, "kalimat 6": 0.1889026279195065, "kalimat 8": 0.04896808557423834, "kalimat 9": 0.0, "kalimat 10": 0, "kalimat 11": 0, "kalimat 12": 0, "kalimat 13": 0, "kalimat 14": 0.0, "kalimat 15": 0.0, "kalimat 16": 0.0, "kalimat 17": 0, "kalimat 18": 0.0}, "kalimat 8": {"kalimat 1": 0.0, "kalimat 2": 0.0, "kalimat 3": 0.0, "kalimat 4": 0.019619233083533725, "kalimat 5": 0.0, "kalimat 6": 0.02919218670911126, "kalimat 7": 0.04896808557423834, "kalimat 9": 0.0, "kalimat 10": 0.028757111816946502, "kalimat 11": 0.163317832424437, "kalimat 12": 0, "kalimat 13": 0, "kalimat 14": 0.05345152488158376, "kalimat 15": 0.0, "kalimat 16": 0.0, "kalimat 17": 0.30168753742343285, "kalimat 18": 0.0}, "kalimat 9": {"kalimat 1": 0.15642591138271192, "kalimat 2": 0.015785499889864475, "kalimat 3": 0.0, "kalimat 4": 0.0, "kalimat 5": 0.0, "kalimat 6": 0.04710165758709506, "kalimat 7": 0.0, "kalimat 8": 0.0, "kalimat 10": 0.0, "kalimat 11": 0.1995860760559012, "kalimat 12": 0.0, "kalimat 13": 0, "kalimat 14": 0, "kalimat 15": 0.0, "kalimat 16": 0, "kalimat 17": 0.0, "kalimat 18": 0.0}, "kalimat 10": {"kalimat 1": 0.022537680087457913, "kalimat 2": 0.024735081135970872, "kalimat 3": 0.0, "kalimat 4": 0.0, "kalimat 5": 0.02559324930076042, "kalimat 6": 0.06834185028900698, "kalimat 7": 0.024293591881756605, "kalimat 8": 0.028757111816946502, "kalimat 9": 0.0, "kalimat 11": 0.10577604066207892, "kalimat 12": 0, "kalimat 13": 0.0, "kalimat 14": 0, "kalimat 15": 0, "kalimat 16": 0, "kalimat 17": 0, "kalimat 18": 0}, "kalimat 11": {"kalimat 1": 0.03132016988891156, "kalimat 2": 0.026980020354403986, "kalimat 3": 0.0, "kalimat 4": 0.0, "kalimat 5": 0.018975309222097118, "kalimat 6": 0.040252246976414954, "kalimat 7": 0.018011719131656462, "kalimat 8": 0.163317832424437, "kalimat 9": 0.1995860760559012, "kalimat 10": 0.10577604066207892, "kalimat 12": 0.11491673640413777, "kalimat 13": 0.2725031863592235, "kalimat 14": 0, "kalimat 15": 0.0, "kalimat 16": 0, "kalimat 17": 0, "kalimat 18": 0}, "kalimat 12": {"kalimat 1": 0.041463419870949106, "kalimat 2": 0.0, "kalimat 3": 0.0, "kalimat 4": 0.09553556532264157, "kalimat 5": 0.10048236855004467, "kalimat 6": 0.2558716585450804, "kalimat 7": 0.04768987368857677, "kalimat 8": 0.05645204862556097, "kalimat 9": 0.0, "kalimat 10": 0.028006466132299655, "kalimat 11": 0.11491673640413777, "kalimat 13": 0.06602211440582319, "kalimat 14": 0.0, "kalimat 15": 0.0, "kalimat 16": 0, "kalimat 17": 0.05876252005534965, "kalimat 18": 0.0}, "kalimat 13": {"kalimat 1": 0.0, "kalimat 2": 0.03225072207148197, "kalimat 3": 0.0, "kalimat 4": 0.0, "kalimat 5": 0.022682244709366594, "kalimat 6": 0.18467978961028694, "kalimat 7": 0.057269428244498495, "kalimat 8": 0.10194498396062873, "kalimat 9": 0.06306147480864684, "kalimat 10": 0.0, "kalimat 11": 0.2725031863592235, "kalimat 12": 0.06602211440582319, "kalimat 14": 0.01767090507169534, "kalimat 15": 0.0, "kalimat 16": 0.10269825211721742, "kalimat 17": 0.0, "kalimat 18": 0}, "kalimat 14": {"kalimat 1": 0.14174117909410175, "kalimat 2": 0.012714320776605247, "kalimat 3": 0.10909046979951315, "kalimat 4": 0.0, "kalimat 5": 0.01788420950880696, "kalimat 6": 0.020240421455993727, "kalimat 7": 0.0, "kalimat 8": 0.05345152488158376, "kalimat 9": 0.01729846974866411, "kalimat 10": 0.019938761999301256, "kalimat 11": 0.05410465401346607, "kalimat 12": 0.0, "kalimat 13": 0.01767090507169534, "kalimat 15": 0.1090701129547224, "kalimat 16": 0, "kalimat 17": 0.0, "kalimat 18": 0.0}, "kalimat 15": {"kalimat 1": 0.04923993933120928, "kalimat 2": 0.06006843592210539, "kalimat 3": 0.10242618550624022, "kalimat 4": 0.0, "kalimat 5": 0.0, "kalimat 6": 0.09562527803316839, "kalimat 7": 0.0, "kalimat 8": 0.0, "kalimat 9": 0.0, "kalimat 10": 0.0318607615313834, "kalimat 11": 0.0, "kalimat 12": 0.0, "kalimat 13": 0.0, "kalimat 14": 0.1090701129547224, "kalimat 16": 0.08169973734208566, "kalimat 17": 0.0, "kalimat 18": 0}, "kalimat 16": {"kalimat 1": 0.056457075516520315, "kalimat 2": 0.031713768516697674, "kalimat 3": 0.0, "kalimat 4": 0.0, "kalimat 5": 0.04460920016349191, "kalimat 6": 0.09238835687720127, "kalimat 7": 0.0, "kalimat 8": 0.0, "kalimat 9": 0.021574084646018676, "kalimat 10": 0.02486697062570898, "kalimat 11": 0.07143080456071955, "kalimat 12": 0.045748703503255134, "kalimat 13": 0.10269825211721742, "kalimat 14": 0.03475339198187034, "kalimat 15": 0.08169973734208566, "kalimat 17": 0.0, "kalimat 18": 0.02065203396025492}, "kalimat 17": {"kalimat 1": 0.0, "kalimat 2": 0.0, "kalimat 3": 0.09836595205102784, "kalimat 4": 0.020422209744567498, "kalimat 5": 0.0, "kalimat 6": 0.030386965552512146, "kalimat 7": 0.15291675930386117, "kalimat 8": 0.30168753742343285, "kalimat 9": 0.0, "kalimat 10": 0.029934083899872975, "kalimat 11": 0.022193684420657448, "kalimat 12": 0.05876252005534965, "kalimat 13": 0.0, "kalimat 14": 0.0, "kalimat 15": 0.0, "kalimat 16": 0.0, "kalimat 18": 0.0}, "kalimat 18": {"kalimat 1": 0.0, "kalimat 2": 0.035653346083342426, "kalimat 3": 0.0, "kalimat 4": 0.0, "kalimat 5": 0.021255208833766224, "kalimat 6": 0.0327024037058947, "kalimat 7": 0.0, "kalimat 8": 0.0, "kalimat 9": 0.0, "kalimat 10": 0.03221501319597344, "kalimat 11": 0.01756941299215676, "kalimat 12": 0.0, "kalimat 13": 0.021001698587549092, "kalimat 14": 0.0, "kalimat 15": 0.0264603814855294, "kalimat 16": 0.02065203396025492, "kalimat 17": 0.0}}