{"kalimat 1": {"kalimat 2": 0.0, "kalimat 3": 0.0, "kalimat 4": 0.11137581632366303, "kalimat 5": 0.0, "kalimat 6": 0.0, "kalimat 7": 0, "kalimat 8": 0.0, "kalimat 9": 0.22023008311250922, "kalimat 10": 0.0, "kalimat 11": 0.0, "kalimat 12": 0.0}, "kalimat 2": {"kalimat 1": 0.0, "kalimat 3": 0.07621539251392245, "kalimat 4": 0, "kalimat 5": 0.06849513032616923, "kalimat 6": 0.09588752984848317, "kalimat 7": 0.1419948518028295, "kalimat 8": 0, "kalimat 9": 0.0, "kalimat 10": 0.3259555106129189, "kalimat 11": 0, "kalimat 12": 0.0}, "kalimat 3": {"kalimat 1": 0.0, "kalimat 2": 0.07621539251392245, "kalimat 4": 0.06008329128542381, "kalimat 5": 0.0, "kalimat 6": 0.01427214978595472, "kalimat 7": 0, "kalimat 8": 0.0, "kalimat 9": 0, "kalimat 10": 0, "kalimat 11": 0, "kalimat 12": 0.0}, "kalimat 4": {"kalimat 1": 0.11137581632366303, "kalimat 2": 0.12010658384763412, "kalimat 3": 0.06008329128542381, "kalimat 5": 0.03887611297084024, "kalimat 6": 0.0, "kalimat 7": 0.10740006116821661, "kalimat 8": 0, "kalimat 9": 0, "kalimat 10": 0, "kalimat 11": 0, "kalimat 12": 0.0}, "kalimat 5": {"kalimat 1": 0.0, "kalimat 2": 0.06849513032616923, "kalimat 3": 0.0, "kalimat 4": 0.03887611297084024, "kalimat 6": 0.0, "kalimat 7": 0.0, "kalimat 8": 0.0, "kalimat 9": 0.0, "kalimat 10": 0.0, "kalimat 11": 0.0, "kalimat 12": 0.0}, "kalimat 6": {"kalimat 1": 0.0, "kalimat 2": 0.09588752984848317, "kalimat 3": 0.01427214978595472, "kalimat 4": 0.0, "kalimat 5": 0.0, "kalimat 7": 0.0, "kalimat 8": 0.0, "kalimat 9": 0.0, "kalimat 10": 0.016063141156501263, "kalimat 11": 0, "kalimat 12": 0.0}, "kalimat 7": {"kalimat 1": 0.10559568168649641, "kalimat 2": 0.1419948518028295, "kalimat 3": 0.04394965616163383, "kalimat 4": 0.10740006116821661, "kalimat 5": 0.0, "kalimat 6": 0.0, "kalimat 8": 0.10920890957258655, "kalimat 9": 0.05768500332224924, "kalimat 10": 0, "kalimat 11": 0, "kalimat 12": 0.0}, "kalimat 8": {"kalimat 1": 0.0, "kalimat 2": 0.01871173669511892, "kalimat 3": 0.0, "kalimat 4": 0.037299659535827374, "kalimat 5": 0.0, "kalimat 6": 0.0, "kalimat 7": 0.10920890957258655, "kalimat 9": 0.0, "kalimat 10": 0.05712256848274389, "kalimat 11": 0, "kalimat 12": 0.0}, "kalimat 9": {"kalimat 1": 0.22023008311250922, "kalimat 2": 0.0, "kalimat 3": 0.022620200106872174, "kalimat 4": 0.059718100140982826, "kalimat 5": 0.0, "kalimat 6": 0.0, "kalimat 7": 0.05768500332224924, "kalimat 8": 0.0, "kalimat 10": 0.025458776200805312, "kalimat 11": 0, "kalimat 12": 0.0}, "kalimat 10": {"kalimat 1": 0.0, "kalimat 2": 0.3259555106129189, "kalimat 3": 0.06624737724401429, "kalimat 4": 0.09345466445324722, "kalimat 5": 0.0, "kalimat 6": 0.016063141156501263, "kalimat 7": 0.10036425395760648, "kalimat 8": 0.05712256848274389, "kalimat 9": 0.025458776200805312, "kalimat 11": 0.11519837558157872, "kalimat 12": 0.0}, "kalimat 11": {"kalimat 1": 0.0, "kalimat 2": 0.08565516662794934, "kalimat 3": 0.0936722262864638, "kalimat 4": 0.10659353094475006, "kalimat 5": 0.0, "kalimat 6": 0.013934734794253074, "kalimat 7": 0.05145138633280886, "kalimat 8": 0.14383308807036269, "kalimat 9": 0.035166388001160585, "kalimat 10": 0.11519837558157872, "kalimat 12": 0.0}, "kalimat 12": {"kalimat 1": 0.0, "kalimat 2": 0.0, "kalimat 3": 0.0, "kalimat 4": 0.0, "kalimat 5": 0.0, "kalimat 6": 0.0, "kalimat 7": 0.0, "kalimat 8": 0.0, "kalimat 9": 0.0, "kalimat 10": 0.0, "kalimat 11": 0.0}}