{
  "Mode": {
    "PSO": {
      "iteration": "1000",
      "Uji": {
        "test 1": {
          "kalimat": [1, 2, 3, 4, 5, 9, 13, 19, 21],
          "iteration finish": 33,
          "timelapsed": 8,
          "gbest": 13.341323586028874
        },
        "test 2": {
          "kalimat": [2, 3, 4, 5, 7, 9, 13, 14, 21],
          "iteration finish": 103,
          "timelapsed": 9,
          "gbest": 13.988802121721177
        },
        "test 3": {
          "kalimat": [1, 2, 3, 4, 5, 9, 14, 19, 21],
          "iteration finish": 718,
          "timelapsed": 17,
          "gbest": 13.468638120632747
        }
      }
    }
  }
}
