{"kalimat 1": {"kalimat 2": 0.0, "kalimat 3": 0.1133057472816548, "kalimat 4": 0.0, "kalimat 5": 0.0, "kalimat 6": 0.0, "kalimat 7": 0.0, "kalimat 8": 0.0, "kalimat 9": 0.0, "kalimat 10": 0.0, "kalimat 11": 0.09515304240125749, "kalimat 12": 0.0, "kalimat 13": 0.0, "kalimat 14": 0.0, "kalimat 15": 0.0, "kalimat 16": 0.0, "kalimat 17": 0.0, "kalimat 18": 0.04209290782305997, "kalimat 19": 0.17564978734075581, "kalimat 20": 0.04564230264320343, "kalimat 21": 0.0, "kalimat 22": 0.06701726870587976, "kalimat 23": 0.0}, "kalimat 2": {"kalimat 1": 0.0, "kalimat 3": 0.0904362936378896, "kalimat 4": 0.5559466686391966, "kalimat 5": 0.004266145419309757, "kalimat 6": 0.0147412186328923, "kalimat 7": 0.08072986800612733, "kalimat 8": 0.09328699850217724, "kalimat 9": 0.0, "kalimat 10": 0.054877910335993985, "kalimat 11": 0.0047608092838150925, "kalimat 12": 0.006323299595356828, "kalimat 13": 0.0, "kalimat 14": 0.05110751371280084, "kalimat 15": 0.04861174054257937, "kalimat 16": 0.03771404569604653, "kalimat 17": 0.05390534220482656, "kalimat 18": 0.01477577083329763, "kalimat 19": 0.0, "kalimat 20": 0.0, "kalimat 21": 0.016424680474861748, "kalimat 22": 0.018539961440728073, "kalimat 23": 0.03645052732190908}, "kalimat 3": {"kalimat 1": 0.1133057472816548, "kalimat 2": 0.0904362936378896, "kalimat 4": 0.11706091291360496, "kalimat 5": 0.07078951598902136, "kalimat 6": 0.0, "kalimat 7": 0.07069945865655156, "kalimat 8": 0.02889378945929954, "kalimat 9": 0.004382816638187655, "kalimat 10": 0.05311218709734633, "kalimat 11": 0.04551186242099045, "kalimat 12": 0.04845697121850203, "kalimat 13": 0.0, "kalimat 14": 0.03863044441042989, "kalimat 15": 0.056655317114195074, "kalimat 16": 0.04394495959643587, "kalimat 17": 0.043401068089535116, "kalimat 18": 0.06509836361890668, "kalimat 19": 0.041582962911409976, "kalimat 20": 0.10267646596245397, "kalimat 21": 0.03392337620496247, "kalimat 22": 0.08001356524132437, "kalimat 23": 0.04147353026941835}, "kalimat 4": {"kalimat 1": 0.0, "kalimat 2": 0.5559466686391966, "kalimat 3": 0.11706091291360496, "kalimat 5": 0.05603632264610015, "kalimat 6": 0.05327900635407282, "kalimat 7": 0.0, "kalimat 8": 0.011902235668382131, "kalimat 9": 0.04528201981703281, "kalimat 10": 0.041910106156967955, "kalimat 11": 0.0, "kalimat 12": 0.0, "kalimat 13": 0.0, "kalimat 14": 0.039133762646225694, "kalimat 15": 0.042361206873691076, "kalimat 16": 0.044018053115835155, "kalimat 17": 0.0, "kalimat 18": 0.01443623080887796, "kalimat 19": 0.0, "kalimat 20": 0.02652553826124998, "kalimat 21": 0.012557740666670864, "kalimat 22": 0.09911279230388215, "kalimat 23": 0.02949024379784959}, "kalimat 5": {"kalimat 1": 0.0, "kalimat 2": 0.004266145419309757, "kalimat 3": 0.07078951598902136, "kalimat 4": 0.05603632264610015, "kalimat 6": 0.0, "kalimat 7": 0.26609643966780927, "kalimat 8": 0.04331961151528603, "kalimat 9": 0.044038842321138257, "kalimat 10": 0.00019180634058893202, "kalimat 11": 0.006316090377499411, "kalimat 12": 0.04559420559140469, "kalimat 13": 0.0, "kalimat 14": 0.0, "kalimat 15": 0.03568814576753033, "kalimat 16": 0.0, "kalimat 17": 0.009448055496666182, "kalimat 18": 0.0, "kalimat 19": 0.0, "kalimat 20": 0.0, "kalimat 21": 0.048253683463706794, "kalimat 22": 0.13100821609083746, "kalimat 23": 0.0022501207925671543}, "kalimat 6": {"kalimat 1": 0.0, "kalimat 2": 0.0147412186328923, "kalimat 3": 0.0, "kalimat 4": 0.05327900635407282, "kalimat 5": 0.0, "kalimat 7": 0.0, "kalimat 8": 0.013450727866985502, "kalimat 9": 0.14220180816251074, "kalimat 10": 0.022766215847799545, "kalimat 11": 0.0, "kalimat 12": 0.08016921867273097, "kalimat 13": 0.0, "kalimat 14": 0.026873115005636723, "kalimat 15": 0.01278809107563529, "kalimat 16": 0.010567767360674354, "kalimat 17": 0.013808230537095626, "kalimat 18": 0.0, "kalimat 19": 0.0, "kalimat 20": 0.013864137552101223, "kalimat 21": 0.0, "kalimat 22": 0.01604327102783429, "kalimat 23": 0.011367217546790051}, "kalimat 7": {"kalimat 1": 0.0, "kalimat 2": 0.08072986800612733, "kalimat 3": 0.07069945865655156, "kalimat 4": 0.0, "kalimat 5": 0.26609643966780927, "kalimat 6": 0.0, "kalimat 8": 0.21545725105687988, "kalimat 9": 0.03593487091594517, "kalimat 10": 0.034673840907255025, "kalimat 11": 0.00533605667762062, "kalimat 12": 0.06791343784659258, "kalimat 13": 0.0, "kalimat 14": 0.1417118387254613, "kalimat 15": 0.1660270275538447, "kalimat 16": 0.0, "kalimat 17": 0.00821865377122255, "kalimat 18": 0.0, "kalimat 19": 0.0, "kalimat 20": 0.0, "kalimat 21": 0.004003135197172221, "kalimat 22": 0.04191085554019927, "kalimat 23": 0.048641747022090655}, "kalimat 8": {"kalimat 1": 0.0, "kalimat 2": 0.09328699850217724, "kalimat 3": 0.02889378945929954, "kalimat 4": 0.011902235668382131, "kalimat 5": 0.04331961151528603, "kalimat 6": 0.013450727866985502, "kalimat 7": 0.21545725105687988, "kalimat 9": 0.033494000323058895, "kalimat 10": 0.012984626351828073, "kalimat 11": 0.0001536104194866701, "kalimat 12": 0.025884290223540024, "kalimat 13": 0.038677968091795925, "kalimat 14": 0.0049349655402756605, "kalimat 15": 0.03556848348114745, "kalimat 16": 0.09114280863886229, "kalimat 17": 0.07215054867852498, "kalimat 18": 0.015830267491013184, "kalimat 19": 0.0, "kalimat 20": 0.045407032608014666, "kalimat 21": 0.07382993642076464, "kalimat 22": 0.05598098437409249, "kalimat 23": 0.01198622640252652}, "kalimat 9": {"kalimat 1": 0.0, "kalimat 2": 0.0, "kalimat 3": 0.004382816638187655, "kalimat 4": 0.04528201981703281, "kalimat 5": 0.044038842321138257, "kalimat 6": 0.14220180816251074, "kalimat 7": 0.03593487091594517, "kalimat 8": 0.033494000323058895, "kalimat 10": 0.1368819886292353, "kalimat 11": 0.04687254599880724, "kalimat 12": 0.0, "kalimat 13": 0.0, "kalimat 14": 0.03402582942918358, "kalimat 15": 0.05130164260902241, "kalimat 16": 0.07617753734501775, "kalimat 17": 0.08284318387155716, "kalimat 18": 0.07263715222415944, "kalimat 19": 0.06220088081772085, "kalimat 20": 0.061387110075590945, "kalimat 21": 0.054734592386398113, "kalimat 22": 0.039949758132281014, "kalimat 23": 0.012257987484180777}, "kalimat 10": {"kalimat 1": 0.0, "kalimat 2": 0.054877910335993985, "kalimat 3": 0.05311218709734633, "kalimat 4": 0.041910106156967955, "kalimat 5": 0.00019180634058893202, "kalimat 6": 0.022766215847799545, "kalimat 7": 0.034673840907255025, "kalimat 8": 0.012984626351828073, "kalimat 9": 0.1368819886292353, "kalimat 11": 0.07259725237541602, "kalimat 12": 0.01518099470989262, "kalimat 13": 0.0, "kalimat 14": 0.024820262071300347, "kalimat 15": 0.05413171649463884, "kalimat 16": 0.010149745539264033, "kalimat 17": 0.03968618797309071, "kalimat 18": 0.031239123671370012, "kalimat 19": 0.045372653330161404, "kalimat 20": 0.050300355612599046, "kalimat 21": 0.003133317920254452, "kalimat 22": 0.0704635738099018, "kalimat 23": 0.00894163248708752}, "kalimat 11": {"kalimat 1": 0.09515304240125749, "kalimat 2": 0.0047608092838150925, "kalimat 3": 0.04551186242099045, "kalimat 4": 0.0, "kalimat 5": 0.006316090377499411, "kalimat 6": 0.0, "kalimat 7": 0.00533605667762062, "kalimat 8": 0.0001536104194866701, "kalimat 9": 0.04687254599880724, "kalimat 10": 0.07259725237541602, "kalimat 12": 0.044351144815678596, "kalimat 13": 0.0, "kalimat 14": 0.0, "kalimat 15": 0.004276072107970793, "kalimat 16": 0.0, "kalimat 17": 0.035839082738956876, "kalimat 18": 0.0, "kalimat 19": 0.0, "kalimat 20": 0.03723143739217624, "kalimat 21": 0.04951560667461606, "kalimat 22": 0.04031587934103032, "kalimat 23": 0.0026886104554984364}, "kalimat 12": {"kalimat 1": 0.0, "kalimat 2": 0.006323299595356828, "kalimat 3": 0.04845697121850203, "kalimat 4": 0.0, "kalimat 5": 0.04559420559140469, "kalimat 6": 0.08016921867273097, "kalimat 7": 0.06791343784659258, "kalimat 8": 0.025884290223540024, "kalimat 9": 0.0, "kalimat 10": 0.01518099470989262, "kalimat 11": 0.044351144815678596, "kalimat 13": 0.04310046248181893, "kalimat 14": 0.0, "kalimat 15": 0.271063573254352, "kalimat 16": 0.04020830428121995, "kalimat 17": 0.14619076301994452,