{"kalimat 1": {"kalimat 2": 0.08435891109378495, "kalimat 3": 0.17772429846052695, "kalimat 4": 0.00593534200303026, "kalimat 5": 0.03975060803569255, "kalimat 6": 0.0}, "kalimat 2": {"kalimat 1": 0.08435891109378495, "kalimat 3": 0.1096668363722732, "kalimat 4": 0.012201221061524216, "kalimat 5": 0.09229391296285114, "kalimat 6": 0.017741045189218225}, "kalimat 3": {"kalimat 1": 0.17772429846052695, "kalimat 2": 0.1096668363722732, "kalimat 4": 0.014856928830957428, "kalimat 5": 0.05560409385012795, "kalimat 6": 0.014401697689869736}, "kalimat 4": {"kalimat 1": 0.00593534200303026, "kalimat 2": 0.012201221061524216, "kalimat 3": 0.014856928830957428, "kalimat 5": 0.012232452298642907, "kalimat 6": 0.004183382265026722}, "kalimat 5": {"kalimat 1": 0.03975060803569255, "kalimat 2": 0.09229391296285114, "kalimat 3": 0.05560409385012795, "kalimat 4": 0.012232452298642907, "kalimat 6": 0.009881364783577462}, "kalimat 6": {"kalimat 1": 0.0, "kalimat 2": 0.017741045189218225, "kalimat 3": 0.014401697689869736, "kalimat 4": 0.004183382265026722, "kalimat 5": 0.009881364783577462}}