{
  "kalimat 1": {
    "kalimat 2": 0.048020346743380016,
    "kalimat 3": 0.12350496353082138,
    "kalimat 4": 0.028864682268546205,
    "kalimat 5": 0.05547664877521025,
    "kalimat 6": 0.0,
    "kalimat 7": 0.0,
    "kalimat 8": 0.0702690377320369,
    "kalimat 9": 0.028157815417287565,
    "kalimat 10": 0.0,
    "kalimat 11": 0.014198025521751612,
    "kalimat 12": 0.01329374505495279,
    "kalimat 13": 0.03879788456855814,
    "kalimat 14": 0.0
  },
  "kalimat 2": {
    "kalimat 1": 0.048020346743380016,
    "kalimat 3": 0.0,
    "kalimat 4": 0.18839869680274518,
    "kalimat 5": 0.09507904337092639,
    "kalimat 6": 0.0,
    "kalimat 7": 0.030436473938993,
    "kalimat 8": 0.04296352886856283,
    "kalimat 9": 0.05494371769115683,
    "kalimat 10": 0.0,
    "kalimat 11": 0.0,
    "kalimat 12": 0.0,
    "kalimat 13": 0.1279054878848954,
    "kalimat 14": 0.10451003099557597
  },
  "kalimat 3": {
    "kalimat 1": 0.12350496353082138,
    "kalimat 2": 0.0,
    "kalimat 4": 0.010375258795507604,
    "kalimat 5": 0.0635329087084602,
    "kalimat 6": 0.04963893883203628,
    "kalimat 7": 0.05401922788671032,
    "kalimat 8": 0.0,
    "kalimat 9": 0.0,
    "kalimat 10": 0.1401785816011307,
    "kalimat 11": 0.07000467484160929,
    "kalimat 12": 0.09552307779025919,
    "kalimat 13": 0.013945696313992234,
    "kalimat 14": 0.09452174620516646
  },
  "kalimat 4": {
    "kalimat 1": 0.028864682268546205,
    "kalimat 2": 0.18839869680274518,
    "kalimat 3": 0.010375258795507604,
    "kalimat 5": 0.04832206572070094,
    "kalimat 6": 0.021357326004271687,
    "kalimat 7": 0.0,
    "kalimat 8": 0.0354389350148955,
    "kalimat 9": 0.022660462164205895,
    "kalimat 10": 0.03770073346373551,
    "kalimat 11": 0.03640442044266909,
    "kalimat 12": 0.01785807556082078,
    "kalimat 13": 0.016358331074519682,
    "kalimat 14": 0.021964859166738734
  },
  "kalimat 5": {
    "kalimat 1": 0.05547664877521025,
    "kalimat 2": 0.09507904337092639,
    "kalimat 3": 0.0635329087084602,
    "kalimat 4": 0.04832206572070094,
    "kalimat 6": 0.06271255164473402,
    "kalimat 7": 0.05599096194769368,
    "kalimat 8": 0.08919493247038693,
    "kalimat 9": 0.02526862681824312,
    "kalimat 10": 0.09070639298545878,
    "kalimat 11": 0.0,
    "kalimat 12": 0.13641731821072356,
    "kalimat 13": 0.03120240416511738,
    "kalimat 14": 0.059094770905497224
  },
  "kalimat 6": {
    "kalimat 1": 0.0,
    "kalimat 2": 0.0,
    "kalimat 3": 0.04963893883203628,
    "kalimat 4": 0.021357326004271687,
    "kalimat 5": 0.06271255164473402,
    "kalimat 7": 0.1380239135803768,
    "kalimat 8": 0.0,
    "kalimat 9": 0.0,
    "kalimat 10": 0.35605162303080157,
    "kalimat 11": 0.0,
    "kalimat 12": 0.15991553109602746,
    "kalimat 13": 0.028707022003486352,
    "kalimat 14": 0.11598294453682412
  },
  "kalimat 7": {
    "kalimat 1": 0.0,
    "kalimat 2": 0.030436473938993,
    "kalimat 3": 0.05401922788671032,
    "kalimat 4": 0.0,
    "kalimat 5": 0.05599096194769368,
    "kalimat 6": 0.1380239135803768,
    "kalimat 8": 0.09274203552707605,
    "kalimat 9": 0.035694228519722045,
    "kalimat 10": 0.1142121395241944,
    "kalimat 11": 0.05949044150100212,
    "kalimat 12": 0.07367870405890359,
    "kalimat 13": 0.0,
    "kalimat 14": 0.05231331749469794
  },
  "kalimat 8": {
    "kalimat 1": 0.0702690377320369,
    "kalimat 2": 0.04296352886856283,
    "kalimat 3": 0.0,
    "kalimat 4": 0.0354389350148955,
    "kalimat 5": 0.08919493247038693,
    "kalimat 6": 0.0,
    "kalimat 7": 0.09274203552707605,
    "kalimat 9": 0.0,
    "kalimat 10": 0.0,
    "kalimat 11": 0.0,
    "kalimat 12": 0.1173719258329375,
    "kalimat 13": 0.0,
    "kalimat 14": 0.048838606866932886
  },
  "kalimat 9": {
    "kalimat 1": 0.028157815417287565,
    "kalimat 2": 0.05494371769115683,
    "kalimat 3": 0.0,
    "kalimat 4": 0.022660462164205895,
    "kalimat 5": 0.02526862681824312,
    "kalimat 6": 0.0,
    "kalimat 7": 0.035694228519722045,
    "kalimat 8": 0.0,
    "kalimat 10": 0.0,
    "kalimat 11": 0.0,
    "kalimat 12": 0.08022568665954281,
    "kalimat 13": 0.0,
    "kalimat 14": 0.0
  },
  "kalimat 10": {
    "kalimat 1": 0.0,
    "kalimat 2": 0.0,
    "kalimat 3": 0.1401785816011307,
    "kalimat 4": 0.03770073346373551,
    "kalimat 5": 0.09070639298545878,
    "kalimat 6": 0.35605162303080157,
    "kalimat 7": 0.1142121395241944,
    "kalimat 8": 0.0,
    "kalimat 9": 0.0,
    "kalimat 11": 0.04523548365396817,
    "kalimat 12": 0.18340114376712716,
    "kalimat 13": 0.011877254880463121,
    "kalimat 14": 0.03977812500141546
  },
  "kalimat 11": {
    "kalimat 1": 0.014198025521751612,
    "kalimat 2": 0.0,
    "kalimat 3": 0.07000467484160929,
    "kalimat 4": 0.03640442044266909,
    "kalimat 5": 0.0,
    "kalimat 6": 0.0,
    "kalimat 7": 0.05949044150100212,
    "kalimat 8": 0.0,
    "kalimat 9": 0.0,
    "kalimat 10": 0.04523548365396817,
    "kalimat 12": 0.19362962564628325,
    "kalimat 13": 0.015358154183510657,
    "kalimat 14": 0.0344227813083109
  },
  "kalimat 12": {
    "kalimat 1": 0.01329374505495279,
    "kalimat 2": 0.0,
    "kalimat 3": 0.09552307779025919,
    "kalimat 4": 0.01785807556082078,
    "kalimat 5": 0.13641731821072356,
    "kalimat 6": 0.15991553109602746,
    "kalimat 7": 0.07367870405890359,
    "kalimat 8": 0.1173719258329375,
    "kalimat 9": 0.08022568665954281,
    "kalimat 10": 0.18340114376712716,
    "kalimat 11": 0.19362962564628325,
    "kalimat 13": 0.02400357460301295,
    "kalimat 14": 0.0
  },
  "kalimat 13": {
    "kalimat 1": 0.03879788456855814,
    "kalimat 2": 0.1279054878848954,
    "kalimat 3": 0.013945696313992234,
    "kalimat 4": 0.016358331074519682,
    "kalimat 5": 0.03120240416511738,
    "kalimat 6": 0.028707022003486352,
    "kalimat 7": 0.0,
    "kalimat 8": 0.0,
    "kalimat 9": 0.0,
    "kalimat 10": 0.011877254880463121,
    "kalimat 11": 0.015358154183510657,
    "kalimat 12": 0.02400357460301295,
    "kalimat 14": 0.11587238832586766
  },
  "kalimat 14": {
    "kalimat 1": 0.0,
    "kalimat 2": 0.10451003099557597,
    "kalimat 3": 0.09452174620516646,
    "kalimat 4": 0.021964859166738734,
    "kalimat 5": 0.059094770905497224,
    "kalimat 6": 0.11598294453682412,
    "kalimat 7": 0.05231331749469794,
    "kalimat 8": 0.048838606866932886,
    "kalimat 9": 0.0,
    "kalimat 10": 0.03977812500141546,
    "kalimat 11": 0.0344227813083109,
    "kalimat 12": 0.0,
    "kalimat 13": 0.11587238832586766
  }
}
