{"kalimat 1": 6.444118743786332, "kalimat 2": 5.763740816223572, "kalimat 3": 5.55777661666275, "kalimat 4": 6.104819115221634, "kalimat 5": 5.494448356429007, "kalimat 6": 3.89938570605426, "kalimat 7": 4.93002781221486, "kalimat 8": 5.074093991774758, "kalimat 9": 5.315093982417878, "kalimat 10": 4.060488557131677, "kalimat 11": 4.826821854120942, "kalimat 12": 4.4367874219011725, "kalimat 13": 4.837101158636626, "kalimat 14": 4.520136804243193}