{"kalimat 1": 3.8714699092712515, "kalimat 2": 3.6650962442710844, "kalimat 3": 3.1091694866218487, "kalimat 4": 4.497525368475083, "kalimat 5": 3.714758540553751, "kalimat 6": 3.1255457783963503}