{
  "kalimat 1": 6.503715809868844,
  "kalimat 2": 5.46386086137717,
  "kalimat 3": 6.394382223698843,
  "kalimat 4": 6.08160504488723,
  "kalimat 5": 4.4798651814309425,
  "kalimat 6": 6.300075809887049,
  "kalimat 7": 5.075022649124487,
  "kalimat 8": 5.338779375747796,
  "kalimat 9": 5.402365530061223,
  "kalimat 10": 5.81849174488353,
  "kalimat 11": 5.575804868056425,
  "kalimat 12": 4.756386914647969,
  "kalimat 13": 5.268911925927954,
  "kalimat 14": 4.551538235576939,
  "kalimat 15": 5.092843151157332,
  "kalimat 16": 5.475800850594972,
  "kalimat 17": 4.949030234431695,
  "kalimat 18": 5.8663989856091225,
  "kalimat 19": 4.567383785705812,
  "kalimat 20": 5.14653287831937,
  "kalimat 21": 5.652344910110984,
  "kalimat 22": 4.18464493028697,
  "kalimat 23": 6.197580996678461
}
