{"kalimat 1": 4.061368774499639, "kalimat 2": 3.577155381495551, "kalimat 3": 4.252080726304193, "kalimat 4": 3.7884799228647865, "kalimat 5": 2.7482363764296416, "kalimat 6": 3.7071031223348285, "kalimat 7": 3.3375368275205335, "kalimat 8": 3.232828186611942, "kalimat 9": 3.233976352286733, "kalimat 10": 3.516749019365057, "kalimat 11": 3.329907048532858, "kalimat 12": 2.884170212042596, "kalimat 13": 2.871193600821591, "kalimat 14": 2.563570430500307, "kalimat 15": 3.1946613470425462, "kalimat 16": 3.1957515539739387, "kalimat 17": 3.1205717746303145, "kalimat 18": 3.422517092854881, "kalimat 19": 2.4800234145920363, "kalimat 20": 2.9085520058413397, "kalimat 21": 3.4251695688464614, "kalimat 22": 2.3051381838794427, "kalimat 23": 3.5954962590860386}