{
  "kalimat 1": 4.347311786575368,
  "kalimat 2": 3.7818704081117858,
  "kalimat 3": 3.597708214541154,
  "kalimat 4": 3.9771272191865643,
  "kalimat 5": 3.5395961528055158,
  "kalimat 6": 2.4161383037630086,
  "kalimat 7": 3.0364424775360015,
  "kalimat 8": 3.0013327101730933,
  "kalimat 9": 3.0611184197803674,
  "kalimat 10": 2.4153938874316183,
  "kalimat 11": 2.959839498489042,
  "kalimat 12": 2.705745472385327,
  "kalimat 13": 2.8192704914683677,
  "kalimat 14": 2.526279643112583
}
