{"rouge1": [0.5645161290322581, 0.603448275862069, 0.5833333333333335], "rouge2": [0.5573770491803278, 0.5964912280701754, 0.576271186440678], "rougeL": [0.5645161290322581, 0.603448275862069, 0.5833333333333335]}