{"1": {"posisi": [1, 2, 4, 13, 9, 14], "velocity": [0.0, 9.820930054175223e-12, 8.417257260812025e-10, -1.576296160974618e-11, 1.9937999322479636e-09, 0.0], "prev_fitness": 10.518811114179652, "prev_posisi": [1, 2, 4, 13, 9, 14], "fitness": 10.518811114179652}, "2": {"posisi": [1, 2, 4, 13, 9, 14], "velocity": [0.0, 0.0, 8.870408776092024e-11, 1.7664991386790672e-10, 8.161899917770146e-10, -2.762826351376321e-11], "prev_fitness": 10.518811114179652, "prev_posisi": [1, 2, 4, 13, 9, 14], "fitness": 10.518811114179652}, "3": {"posisi": [1, 2, 4, 13, 9, 14], "velocity": [7.613643498646875e-11, -2.6291244447752353e-11, 2.1028671195314704e-10, 9.944985848330148e-11, 7.798211758419653e-09, 0.0], "prev_fitness": 10.518811114179652, "prev_posisi": [1, 2, 4, 13, 9, 14], "fitness": 10.518811114179652}, "4": {"posisi": [1, 2, 4, 13, 9, 14], "velocity": [1.0380983438505446e-10, -2.8064307394713946e-08, 9.693257996558934e-08, -1.5672884775571771e-07, 3.347017479370681e-06, 0.0], "prev_fitness": 10.518811114179652, "prev_posisi": [1, 2, 4, 13, 9, 14], "fitness": 10.518811114179652}, "5": {"posisi": [1, 2, 4, 13, 9, 14], "velocity": [8.370157011698187e-10, -1.4123280436386411e-09, 3.499143340676482e-09, -1.6140143931843337e-09, 3.654946271618501e-10, 1.5842980796505581e-10], "prev_fitness": 10.518811114179652, "prev_posisi": [1, 2, 4, 13, 9, 14], "fitness": 10.518811114179652}, "6": {"posisi": [1, 2, 4, 13, 9, 14], "velocity": [0.0, 0.0, 7.881480014462165e-10, 7.648460253679965e-09, 1.98250394143385e-09, 1.8600894095175105e-09], "prev_fitness": 10.518811114179652, "prev_posisi": [1, 2, 4, 13, 9, 14], "fitness": 10.518811114179652}, "7": {"posisi": [1, 2, 4, 13, 9, 14], "velocity": [1.2349473610443548e-10, -2.442889467267723e-10, 5.413706545844333e-10, -0.0018267066051362007, 0.0711389925220356, 1.3183152840010483e-10], "prev_fitness": 10.516567409184042, "prev_posisi": [1, 2, 4, 13, 8, 14], "fitness": 10.518811114179652}, "8": {"posisi": [1, 2, 4, 13, 9, 14], "velocity": [0.0, 0.0, 5.340785682291837e-11, 1.83468585416291e-09, 9.188408296236043e-10, 0.0], "prev_fitness": 10.518811114179652, "prev_posisi": [1, 2, 4, 13, 9, 14], "fitness": 10.518811114179652}, "9": {"posisi": [1, 2, 4, 13, 9, 14], "velocity": [2.486517420984679e-10, 1.4929079148588876e-09, 3.969430595040908e-09, -1.3945286085368033e-09, 1.84005647041443e-09, 0.0], "prev_fitness": 10.518811114179652, "prev_posisi": [1, 2, 4, 13, 9, 14], "fitness": 10.518811114179652}, "10": {"posisi": [1, 2, 4, 13, 9, 14], "velocity": [7.107170655104486e-11, 2.3147795470528423e-11, 5.499434732083794e-11, 0.003471669855945355, 0.005064324354319465, 0.0006506047077614332], "prev_fitness": 10.518811114179652, "prev_posisi": [1, 2, 4, 13, 9, 14], "fitness": 10.518811114179652}, "11": {"posisi": [1, 2, 4, 13, 9, 14], "velocity": [0.0, 2.2836215240418777e-10, 2.7797935394423617e-10, -2.7123778567902454e-05, 4.041596576870296e-06, 6.319142452060397e-11], "prev_fitness": 10.518811114179652, "prev_posisi": [1, 2, 4, 13, 9, 14], "fitness": 10.518811114179652}, "12": {"posisi": [1, 2, 4, 13, 9, 14], "velocity": [6.56402742370516e-11, 2.1378797786111817e-11, 5.079157677232385e-11, 9.110383732996625e-11, 1.0999754760117897e-09, -3.4012366918171646e-11], "prev_fitness": 10.518811114179652, "prev_posisi": [1, 2, 4, 13, 9, 14], "fitness": 10.518811114179652}, "13": {"posisi": [1, 2, 4, 13, 9, 14], "velocity": [0.0, 1.4231583192247046e-11, 5.690385335495813e-10, -2.7462312253501895e-11, 1.9379942394796117e-09, -1.3868660173626227e-11], "prev_fitness": 10.518811114179652, "prev_posisi": [1, 2, 4, 13, 9, 14], "fitness": 10.518811114179652}, "14": {"posisi": [1, 2, 4, 13, 9, 14], "velocity": [0.0, 1.5064928922496724e-08, 1.4284405208466956e-09, -1.1606477117588066e-11, 3.687002900192214e-08, 8.911808877904197e-09], "prev_fitness": 10.518811114179652, "prev_posisi": [1, 2, 4, 13, 9, 14], "fitness": 10.518811114179652}, "15": {"posisi": [1, 2, 4, 13, 9, 14], "velocity": [0.0, 1.2717088672699595e-10, 2.425549891005445e-10, 1.1751761004313255e-09, 1.0661720592955971e-09, 9.96194141891025e-10], "prev_fitness": 10.518811114179652, "prev_posisi": [1, 2, 4, 13, 9, 14], "fitness": 10.518811114179652}, "16": {"posisi": [1, 2, 4, 13, 9, 14], "velocity": [1.2618118689447547e-10, -1.366049374574363e-07, 1.6523648187414296e-07, -7.347329491190644e-08, 5.304972036055251e-08, 1.699245559493922e-08], "prev_fitness": 10.518811114179652, "prev_posisi": [1, 2, 4, 13, 9, 14], "fitness": 10.518811114179652}, "17": {"posisi": [1, 2, 4, 13, 9, 14], "velocity": [0.0, 0.0, 3.161527202515996e-11, -2.1358645472015893e-11, 1.7229356275549844e-09, -2.1171034661075552e-11], "prev_fitness": 10.518811114179652, "prev_posisi": [1, 2, 4, 13, 9, 14], "fitness": 10.518811114179652}, "18": {"posisi": [1, 2, 4, 13, 9, 14], "velocity": [1.4944294705203623e-10, -0.24532309141204617, 0.24685109927638835, 7.867575384710863e-11, 2.0847460958060535e-09, 0.0], "prev_fitness": 10.518811114179652, "prev_posisi": [1, 4, 2, 13, 9, 14], "fitness": 10.518811114179652}, "19": {"posisi": [1, 2, 4, 13, 9, 14], "velocity": [0.0, 1.772522617896453e-11, 2.5862877238269113e-10, -2.1625701165731465e-11, 1.3395775764922256e-09, 0.0], "prev_fitness": 10.518811114179652, "prev_posisi": [1, 2, 4, 13, 9, 14], "fitness": 10.518811114179652}, "20": {"posisi": [1, 2, 4, 13, 9, 14], "velocity": [0.0, 0.0, 2.7039365702551415e-10, -1.722857168588722e-09, 7.168916300023685e-10, 1.8349155714813338e-10], "prev_fitness": 10.518811114179652, "prev_posisi": [1, 2, 4, 13, 9, 14], "fitness": 10.518811114179652}, "21": {"posisi": [1, 2, 4, 13, 9, 14], "velocity": [3.1456709877971506e-11, 2.058743565089375e-11, 7.404466947173145e-10, 1.5375725391839008e-10, 2.5950061410238334e-10, -3.684207227090652e-11], "prev_fitness": 10.518811114179652, "prev_posisi": [1, 2, 4, 13, 9, 14], "fitness": 10.518811114179652}, "22": {"posisi": [1, 2, 4, 13, 9, 14], "velocity": [0.0, 0.0, 0.0, 1.2736679784546348e-10, 4.7741921498839245e-09, 0.0], "prev_fitness": 10.518811114179652, "prev_posisi": [1, 2, 4, 13, 9, 14], "fitness": 10.518811114179652}, "23": {"posisi": [1, 2, 4, 13, 9, 14], "velocity": [0.0, 2.6833481398258513e-11, 1.421788223655875e-10, 3.282916876204121e-09, 2.747499337265271e-09, 1.2137789659212192e-09], "prev_fitness": 10.518811114179652, "prev_posisi": [1, 2, 4, 13, 9, 14], "fitness": 10.518811114179652}, "24": {"posisi": [1, 2, 4, 13, 9, 14], "velocity": [7.093631709706859e-10, -0.12514168450560414, 0.3772602856067785, 9.637629681550992e-10, 4.852567804142062e-10, 6.443184026913393e-10], "prev_fitness": 10.518811114179652, "prev_posisi": [1, 4, 2, 13, 9, 14], "fitness": 10.518811114179652}, "25": {"posisi": [1, 2, 4, 13, 9, 14], "velocity": [1.0302533330859046e-10, 3.3298114945321734e-11, 1.2928748296096848e-10, 3.990585148274621e-11, 9.5762994923376e-10, 0.0], "prev_fitness": 10.518811114179652, "prev_posisi": [1, 2, 4, 13, 9, 14], "fitness": 10.518811114179652}}