{"1": {"posisi": [3, 2, 4, 10, 8, 22], "velocity": [1.1990530824697442e-107, 6.509441503917763e-109, 1.2666582999614886e-108, 6.31938179061849e-35, -3.88109287944397e-105, -4.950831670767797e-34], "prev_fitness": 13.29447432530818, "prev_posisi": [3, 2, 4, 10, 8, 22], "fitness": 13.29447432530818}, "2": {"posisi": [3, 2, 4, 10, 8, 22], "velocity": [4.070206416815896e-84, 6.195308216815158e-64, 1.6568889529000763e-65, 2.088036822671885e-33, -2.044790425498877e-42, -4.298066618737711e-34], "prev_fitness": 13.29447432530818, "prev_posisi": [3, 2, 4, 10, 8, 22], "fitness": 13.29447432530818}, "3": {"posisi": [3, 2, 4, 10, 8, 22], "velocity": [1.5173817687974496e-104, 3.76487152174193e-106, 1.9435720265646448e-106, 1.7731345797834506e-33, -1.275359174268973e-105, -1.3672301429150545e-33], "prev_fitness": 13.29447432530818, "prev_posisi": [3, 2, 4, 10, 8, 22], "fitness": 13.29447432530818}, "4": {"posisi": [3, 2, 4, 10, 8, 22], "velocity": [1.2935862907422913e-107, -1.4093688051096466e-98, 8.155947719571814e-106, 1.3315080546006668e-33, -1.106124721368256e-100, -1.047655657729923e-31], "prev_fitness": 13.29447432530818, "prev_posisi": [3, 2, 4, 10, 8, 22], "fitness": 13.29447432530818}, "5": {"posisi": [3, 2, 4, 10, 8, 22], "velocity": [6.301281082945608e-107, -2.2968094728531315e-64, 8.803753265813565e-65, 2.7460406670492146e-32, -1.6620801185142747e-62, -7.767525485646022e-34], "prev_fitness": 13.29447432530818, "prev_posisi": [3, 2, 4, 10, 8, 22], "fitness": 13.29447432530818}, "6": {"posisi": [3, 2, 4, 10, 8, 22], "velocity": [1.428297085944387e-107, 0.0, 0.0, -6.272241688673769e-35, -1.2165178012142826e-101, -1.873261169154206e-33], "prev_fitness": 13.29447432530818, "prev_posisi": [3, 2, 4, 10, 8, 22], "fitness": 13.29447432530818}, "7": {"posisi": [3, 2, 4, 10, 8, 22], "velocity": [4.985433279136032e-102, -1.2959737574345153e-102, 7.165663663218564e-102, 3.463838135768135e-35, -9.238623550155606e-101, -1.957762416241043e-31], "prev_fitness": 13.29447432530818, "prev_posisi": [3, 2, 4, 10, 8, 22], "fitness": 13.29447432530818}, "8": {"posisi": [3, 2, 4, 10, 8, 22], "velocity": [2.2147587571583786e-85, -1.9935814175735705e-79, 1.589115201888149e-80, 1.0726325901116808e-31, -6.178447536978691e-79, -3.5971671724742948e-34], "prev_fitness": 13.29447432530818, "prev_posisi": [3, 2, 4, 10, 8, 22], "fitness": 13.29447432530818}, "9": {"posisi": [3, 2, 4, 10, 8, 22], "velocity": [9.146666575188798e-107, 4.0301648804821534e-101, -2.1651229208852273e-100, 7.85330727490258e-36, -2.8747933102101064e-38, -4.431830971566525e-35], "prev_fitness": 13.29447432530818, "prev_posisi": [3, 2, 4, 10, 8, 22], "fitness": 13.29447432530818}, "10": {"posisi": [3, 2, 4, 10, 8, 22], "velocity": [4.797559322086376e-107, 4.0618699608314654e-101, 5.980004415006044e-107, 8.922361038031081e-34, -2.6632065069006655e-39, -5.733103402289956e-35], "prev_fitness": 13.29447432530818, "prev_posisi": [3, 2, 4, 10, 8, 22], "fitness": 13.29447432530818}, "11": {"posisi": [3, 2, 4, 10, 8, 22], "velocity": [-7.133961893340136e-109, -2.6864395773402552e-107, -1.7440445912452796e-107, 8.519528464534252e-27, -1.4667771936834157e-106, -1.7356696921736448e-31], "prev_fitness": 13.29447432530818, "prev_posisi": [3, 2, 4, 10, 8, 22], "fitness": 13.29447432530818}, "12": {"posisi": [3, 2, 4, 10, 8, 22], "velocity": [-5.229062184254021e-109, -1.605041224166832e-92, 8.127886706373192e-109, -9.588394376317093e-22, -2.5699615693737766e-40, -4.184541855856789e-30], "prev_fitness": 13.29447432530818, "prev_posisi": [3, 2, 4, 10, 8, 22], "fitness": 13.29447432530818}, "13": {"posisi": [3, 2, 4, 10, 8, 22], "velocity": [6.297687824641014e-108, 4.4210043464248244e-110, 3.242713145616764e-108, 2.8682376198324684e-34, -2.675299751921938e-102, 5.801628238843744e-36], "prev_fitness": 13.29447432530818, "prev_posisi": [3, 2, 4, 10, 8, 22], "fitness": 13.29447432530818}, "14": {"posisi": [3, 2, 4, 10, 8, 22], "velocity": [2.097637554217964e-107, -1.75537599456187e-107, 9.930903515484873e-107, 1.0588906412843176e-35, -2.0478123914074328e-104, -2.463708786810807e-33], "prev_fitness": 13.29447432530818, "prev_posisi": [3, 2, 4, 10, 8, 22], "fitness": 13.29447432530818}, "15": {"posisi": [3, 2, 4, 10, 8, 22], "velocity": [1.0764899411506018e-107, -1.2570378791605439e-107, 6.968184918622245e-109, 2.5548598128720286e-33, -2.2221652412797528e-35, -3.788259582547229e-32], "prev_fitness": 13.29447432530818, "prev_posisi": [3, 2, 4, 10, 8, 22], "fitness": 13.29447432530818}, "16": {"posisi": [3, 2, 4, 10, 8, 22], "velocity": [3.1786268433562925e-108, -2.40252122480531e-70, 1.7293446825212175e-70, 1.152234473764048e-30, -1.0999251415109184e-36, 6.456696655495651e-32], "prev_fitness": 13.29447432530818, "prev_posisi": [3, 2, 4, 10, 8, 22], "fitness": 13.29447432530818}, "17": {"posisi": [3, 2, 4, 10, 8, 22], "velocity": [5.776975897528935e-108, 4.8047755724692667e-107, 1.8176330837581813e-107, -0.11613422111903302, -1.0629684094175275e-105, -3.927730526366349e-20], "prev_fitness": 13.24472292195756, "prev_posisi": [3, 2, 4, 15, 8, 22], "fitness": 13.29447432530818}, "18": {"posisi": [3, 2, 4, 10, 8, 22], "velocity": [-3.500437885218901e-109, 6.68530030089304e-98, 2.1681310540938114e-100, 1.8224360555978487e-31, -2.426867320984914e-92, -1.6144996608026696e-34], "prev_fitness": 13.29447432530818, "prev_posisi": [3, 2, 4, 10, 8, 22], "fitness": 13.29447432530818}, "19": {"posisi": [3, 2, 4, 10, 8, 22], "velocity": [1.331406721033042e-107, -3.2657336281301773e-105, 1.6943930740039037e-106, 5.240147679465744e-32, -1.8272769202890256e-106, -6.1135133177974406e-34], "prev_fitness": 13.29447432530818, "prev_posisi": [3, 2, 4, 10, 8, 22], "fitness": 13.29447432530818}, "20": {"posisi": [3, 2, 4, 10, 8, 22], "velocity": [2.6456170191074373e-107, -1.365322620459384e-102, -2.131300391982094e-98, 1.953568879935555e-33, -3.7991298925201345e-93, 1.2874559411492316e-34], "prev_fitness": 13.29447432530818, "prev_posisi": [3, 2, 4, 10, 8, 22], "fitness": 13.29447432530818}, "21": {"posisi": [3, 2, 4, 10, 8, 22], "velocity": [1.51621888728235e-108, -2.4739557937348712e-77, -2.429142154940777e-76, 1.9094539572054833e-27, -2.390476465387439e-74, -2.5035735807223065e-27], "prev_fitness": 13.29447432530818, "prev_posisi": [3, 2, 4, 10, 8, 22], "fitness": 13.29447432530818}, "22": {"posisi": [3, 2, 4, 10, 8, 22], "velocity": [2.0439812805099692e-106, 6.590334423506858e-107, 5.186420605286928e-106, 7.533989520564858e-21, 2.245599868123266e-109, -9.886426340431465e-34], "prev_fitness": 13.29447432530818, "prev_posisi": [3, 2, 4, 10, 8, 22], "fitness": 13.29447432530818}, "23": {"posisi": [3, 2, 4, 10, 8, 22], "velocity": [2.3234202044583594e-106, -1.3086356152771356e-105, 1.0045529873237606e-106, 7.60880501134159e-31, -1.7652696152539117e-104, -6.034313093156395e-30], "prev_fitness": 13.29447432530818, "prev_posisi": [3, 2, 4, 10, 8, 22], "fitness": 13.29447432530818}, "24": {"posisi": [3, 2, 4, 10, 8, 22], "velocity": [3.229314285462251e-107, -1.5392228779832465e-107, 9.073167383979288e-108, 5.722589771298616e-35, -2.1274012463358852e-38, -2.419997088953395e-32], "prev_fitness": 13.29447432530818, "prev_posisi": [3, 2, 4, 10, 8, 22], "fitness": 13.29447432530818}, "25": {"posisi": [3, 2, 4, 10, 8, 22], "velocity": [-1.5398639518856927e-110, -2.040456118461366e-55, 2.1010485776070605e-55, 3.093090361773693e-19, -1.5931485772749846e-21, -4.737175491184079e-19], "prev_fitness": 13.29447432530818, "prev_posisi": [3, 2, 4, 10, 8, 22], "fitness": 13.29447432530818}}