{"1": {"posisi": [1, 2, 4, 5, 10, 13, 14], "velocity": [0.0, 0.0, 0.0, 0.0, 0.0, 0.0, 0.0], "prev_fitness": 10.879899664981217, "prev_posisi": [1, 2, 4, 5, 10, 13, 14], "fitness": 10.879899664981217}, "2": {"posisi": [1, 2, 4, 5, 10, 13, 14], "velocity": [0.0, 0.0, 0.0, 0.0, 0.0, 0.0, 0.0], "prev_fitness": 10.879899664981217, "prev_posisi": [1, 2, 4, 5, 10, 13, 14], "fitness": 10.879899664981217}, "3": {"posisi": [1, 2, 4, 5, 10, 13, 14], "velocity": [0.0, 0.0, 0.0, 0.0, 0.0, 0.0, 0.0], "prev_fitness": 10.879899664981217, "prev_posisi": [1, 2, 4, 5, 10, 13, 14], "fitness": 10.879899664981217}, "4": {"posisi": [1, 2, 4, 5, 10, 13, 14], "velocity": [0.0, 0.0, 0.0, 0.0, 0.0, 0.0, 0.0], "prev_fitness": 10.879899664981217, "prev_posisi": [1, 2, 4, 5, 10, 13, 14], "fitness": 10.879899664981217}, "5": {"posisi": [1, 2, 4, 5, 10, 13, 14], "velocity": [0.0, 0.0, 0.0, 0.0, 0.0, 0.0, 0.0], "prev_fitness": 10.879899664981217, "prev_posisi": [1, 2, 4, 5, 10, 13, 14], "fitness": 10.879899664981217}, "6": {"posisi": [1, 2, 4, 5, 10, 13, 14], "velocity": [0.0, 0.0, 0.0, 0.0, 0.0, 0.0, 0.0], "prev_fitness": 10.879899664981217, "prev_posisi": [1, 2, 4, 5, 10, 13, 14], "fitness": 10.879899664981217}, "7": {"posisi": [1, 2, 4, 5, 10, 13, 14], "velocity": [0.0, 0.0, 0.0, 0.0, 0.0, 0.0, 0.0], "prev_fitness": 10.879899664981217, "prev_posisi": [1, 2, 4, 5, 10, 13, 14], "fitness": 10.879899664981217}, "8": {"posisi": [1, 2, 4, 5, 10, 13, 14], "velocity": [0.0, 0.0, 0.0, 0.0, 0.0, 0.0, 0.0], "prev_fitness": 10.879899664981217, "prev_posisi": [1, 2, 4, 5, 10, 13, 14], "fitness": 10.879899664981217}, "9": {"posisi": [1, 2, 4, 5, 10, 13, 14], "velocity": [0.0, 0.0, 0.0, 0.0, 0.0, 0.0, 0.0], "prev_fitness": 10.879899664981217, "prev_posisi": [1, 2, 4, 5, 10, 13, 14], "fitness": 10.879899664981217}, "10": {"posisi": [1, 2, 4, 5, 10, 13, 14], "velocity": [0.0, 0.0, 0.0, 0.0, 0.0, 0.0, 0.0], "prev_fitness": 10.879899664981217, "prev_posisi": [1, 2, 4, 5, 10, 13, 14], "fitness": 10.879899664981217}, "11": {"posisi": [1, 2, 4, 5, 10, 13, 14], "velocity": [0.0, 0.0, 0.0, 0.0, 0.0, 0.0, 0.0], "prev_fitness": 10.879899664981217, "prev_posisi": [1, 2, 4, 5, 10, 13, 14], "fitness": 10.879899664981217}, "12": {"posisi": [1, 2, 4, 5, 10, 13, 14], "velocity": [0.0, 0.0, 0.0, 0.0, 0.0, 0.0, 0.0], "prev_fitness": 10.879899664981217, "prev_posisi": [1, 2, 4, 5, 10, 13, 14], "fitness": 10.879899664981217}, "13": {"posisi": [1, 2, 4, 5, 6, 13, 14], "velocity": [0.0, 0.0, 0.0, 0.0, 0.03514425246980053, 0.0, -0.03516393931508345], "prev_fitness": 10.879899664981217, "prev_posisi": [1, 2, 4, 5, 14, 13, 10], "fitness": 10.879899664981217}, "14": {"posisi": [1, 2, 4, 5, 10, 13, 14], "velocity": [0.0, 0.0, 0.0, 0.0, -0.1534215826798493, 0.0, 0.17582665610383064], "prev_fitness": 10.879899664981217, "prev_posisi": [1, 2, 4, 5, 14, 13, 10], "fitness": 10.840439797246097}, "15": {"posisi": [1, 2, 4, 5, 10, 13, 14], "velocity": [0.0, 0.0, 0.0, 0.0, 0.0, 0.0, 0.0], "prev_fitness": 10.879899664981217, "prev_posisi": [1, 2, 4, 5, 10, 13, 14], "fitness": 10.879899664981217}, "16": {"posisi": [1, 2, 4, 5, 10, 13, 14], "velocity": [0.0, 0.0, 0.0, 0.0, 0.0, 0.0, 0.0], "prev_fitness": 10.879899664981217, "prev_posisi": [1, 2, 4, 5, 10, 13, 14], "fitness": 10.879899664981217}, "17": {"posisi": [1, 2, 4, 5, 10, 13, 14], "velocity": [0.0, 0.0, 0.0, 0.0, 0.0, 0.0, 0.0], "prev_fitness": 10.879899664981217, "prev_posisi": [1, 2, 4, 5, 10, 13, 14], "fitness": 10.879899664981217}, "18": {"posisi": [1, 2, 4, 5, 10, 13, 14], "velocity": [0.0, 0.0, 0.0, 0.0, 0.0, 0.0, 0.0], "prev_fitness": 10.879899664981217, "prev_posisi": [1, 2, 4, 5, 10, 13, 14], "fitness": 10.879899664981217}, "19": {"posisi": [1, 2, 4, 5, 10, 13, 14], "velocity": [0.0, 0.0, 0.0, 0.0, 0.0, 0.0, 0.0], "prev_fitness": 10.879899664981217, "prev_posisi": [1, 2, 4, 5, 10, 13, 14], "fitness": 10.879899664981217}, "20": {"posisi": [1, 2, 4, 5, 10, 13, 14], "velocity": [0.0, 0.0, 0.0, 0.0, 0.0, 0.0, 0.0], "prev_fitness": 10.879899664981217, "prev_posisi": [1, 2, 4, 5, 10, 13, 14], "fitness": 10.879899664981217}, "21": {"posisi": [1, 2, 4, 5, 10, 13, 14], "velocity": [0.0, 0.0, 0.0, 0.0, 0.0, 0.0, 0.0], "prev_fitness": 10.879899664981217, "prev_posisi": [1, 2, 4, 5, 10, 13, 14], "fitness": 10.879899664981217}, "22": {"posisi": [1, 2, 4, 5, 10, 13, 14], "velocity": [0.0, 0.0, 0.0, 0.0, 0.0, 0.0, 0.0], "prev_fitness": 10.879899664981217, "prev_posisi": [1, 2, 4, 5, 10, 13, 14], "fitness": 10.879899664981217}, "23": {"posisi": [1, 2, 4, 5, 10, 13, 14], "velocity": [0.0, 0.0, 0.0, 0.0, 0.0, 0.0, 0.0], "prev_fitness": 10.879899664981217, "prev_posisi": [1, 2, 4, 5, 10, 13, 14], "fitness": 10.879899664981217}, "24": {"posisi": [1, 2, 4, 5, 10, 13, 14], "velocity": [0.0, 0.0, 0.0, 0.0, 0.0, 0.0, 0.0], "prev_fitness": 10.879899664981217, "prev_posisi": [1, 2, 4, 5, 10, 13, 14], "fitness": 10.879899664981217}, "25": {"posisi": [1, 2, 4, 5, 10, 13, 14], "velocity": [0.0, 0.0, 0.0, 0.0, 0.0, 0.0, 0.0], "prev_fitness": 10.879899664981217, "prev_posisi": [1, 2, 4, 5, 10, 13, 14], "fitness": 10.879899664981217}}