{"1": {"posisi": [3, 4, 2, 18, 10, 22], "velocity": [-4.743817338728697e-89, -1.476442531126453e-87, 1.7587300253841527e-89, 6.220420644264996e-90, -1.7376744458763232e-88, -2.48522277091458e-90], "prev_fitness": 20.517810195040465, "prev_posisi": [3, 4, 2, 18, 10, 22], "fitness": 20.517810195040465}, "2": {"posisi": [3, 4, 2, 18, 10, 22], "velocity": [3.4333831945193507e-91, -2.3981732167740723e-91, -1.1273337132946455e-89, 1.324522769607621e-90, 2.1271116309450236e-85, -2.209618006099181e-90], "prev_fitness": 20.517810195040465, "prev_posisi": [3, 4, 2, 18, 10, 22], "fitness": 20.517810195040465}, "3": {"posisi": [3, 4, 2, 18, 10, 22], "velocity": [-8.761087569745941e-14, 2.6259529319853647e-13, -1.7814658768843099e-12, 8.748265132882999e-12, -9.549645071642913e-12, -5.4527011494588383e-14], "prev_fitness": 20.517810195040465, "prev_posisi": [3, 4, 2, 18, 10, 22], "fitness": 20.517810195040465}, "4": {"posisi": [3, 4, 2, 18, 10, 22], "velocity": [0.0, 1.8124680700332923e-89, -1.0613561474591092e-89, 2.664437702530379e-90, 1.6253114226750495e-87, 0.0], "prev_fitness": 20.517810195040465, "prev_posisi": [3, 4, 2, 18, 10, 22], "fitness": 20.517810195040465}, "5": {"posisi": [3, 4, 2, 18, 10, 22], "velocity": [-1.0540745245637314e-91, -1.9666503656556076e-89, -1.2195499646542593e-89, 0.07102160125237517, -0.07102160125237517, 0.0], "prev_fitness": 20.517810195040465, "prev_posisi": [3, 4, 2, 10, 18, 22], "fitness": 20.517810195040465}, "6": {"posisi": [3, 4, 2, 18, 10, 22], "velocity": [0.0, -1.4137281297202072e-86, -1.3535481495174845e-86, 5.632071233680236e-87, -5.651786863137417e-87, 0.0], "prev_fitness": 20.517810195040465, "prev_posisi": [3, 4, 2, 18, 10, 22], "fitness": 20.517810195040465}, "7": {"posisi": [3, 4, 2, 18, 10, 22], "velocity": [1.1256093239656527e-84, -1.362683397208756e-90, -3.316962851222342e-89, 5.718957438385672e-90, 2.7813245916124004e-86, -8.995765121767679e-90], "prev_fitness": 20.517810195040465, "prev_posisi": [3, 4, 2, 18, 10, 22], "fitness": 20.517810195040465}, "8": {"posisi": [3, 4, 2, 18, 10, 22], "velocity": [-6.297571925559883e-92, 2.560241694581327e-90, -2.3353846980545404e-91, 2.0569837018793273e-90, 2.2176380135811667e-87, -1.1124977909330749e-89], "prev_fitness": 20.517810195040465, "prev_posisi": [3, 4, 2, 18, 10, 22], "fitness": 20.517810195040465}, "9": {"posisi": [3, 4, 2, 18, 10, 22], "velocity": [-1.1977460075436626e-89, 2.6090322987812966e-89, -1.2583980892772765e-90, -2.1771976506775534e-89, 2.830045620605761e-87, 0.0], "prev_fitness": 20.517810195040465, "prev_posisi": [3, 4, 2, 18, 10, 22], "fitness": 20.517810195040465}, "10": {"posisi": [3, 4, 2, 18, 10, 22], "velocity": [-9.48664402030603e-53, -3.0708072320920164e-52, -2.3811201915259164e-51, 1.2058072066479977e-59, -5.179027709194525e-52, -6.315326587866071e-81], "prev_fitness": 20.517810195040465, "prev_posisi": [3, 4, 2, 18, 10, 22], "fitness": 20.517810195040465}, "11": {"posisi": [3, 4, 2, 18, 10, 22], "velocity": [-1.0466101696261135e-88, -3.179234982055178e-91, -2.697973058861291e-88, 4.5677767124332185e-89, 2.6453420673087126e-87, -2.9292691673953176e-90], "prev_fitness": 20.517810195040465, "prev_posisi": [3, 4, 2, 18, 10, 22], "fitness": 20.517810195040465}, "12": {"posisi": [3, 4, 2, 18, 10, 22], "velocity": [-5.6017369811663426e-89, 3.0264941164692015e-90, -2.3498878242209346e-90, -1.8562768811220045e-88, -1.0486465212603869e-88, -3.225243853857937e-90], "prev_fitness": 20.517810195040465, "prev_posisi": [3, 4, 2, 18, 10, 22], "fitness": 20.517810195040465}, "13": {"posisi": [3, 4, 2, 18, 10, 22], "velocity": [-8.574299362826707e-86, -1.3001554445053727e-88, -1.3939662887384088e-87, 4.752753309952185e-89, 1.303262219275314e-85, -1.383352644813538e-88], "prev_fitness": 20.517810195040465, "prev_posisi": [3, 4, 2, 18, 10, 22], "fitness": 20.517810195040465}, "14": {"posisi": [3, 4, 2, 18, 10, 22], "velocity": [1.2964863962772087e-90, 1.9855723816057314e-89, -1.1724524680782874e-89, -1.7708597706041074e-87, 2.295599040385231e-86, 0.0], "prev_fitness": 20.517810195040465, "prev_posisi": [3, 4, 2, 18, 10, 22], "fitness": 20.517810195040465}, "15": {"posisi": [3, 4, 2, 18, 10, 22], "velocity": [-1.2776611074089104e-81, -1.1309931650318299e-81, 3.131714676793959e-82, 5.743612728374379e-82, -1.4165131756512698e-86, -6.20466044063845e-88], "prev_fitness": 20.517810195040465, "prev_posisi": [3, 4, 2, 18, 10, 22], "fitness": 20.517810195040465}, "16": {"posisi": [3, 4, 2, 18, 10, 22], "velocity": [3.181107162235825e-89, -1.724661746197051e-88, -2.2945972278280283e-89, 6.1619147991031725e-89, 3.208340639753665e-84, 0.0], "prev_fitness": 20.517810195040465, "prev_posisi": [3, 4, 2, 18, 10, 22], "fitness": 20.517810195040465}, "17": {"posisi": [3, 4, 2, 18, 10, 22], "velocity": [0.0, 0.0, -1.670956939468735e-88, 4.965522964696694e-90, 1.927251803765154e-87, 0.0], "prev_fitness": 20.517810195040465, "prev_posisi": [3, 4, 2, 18, 10, 22], "fitness": 20.517810195040465}, "18": {"posisi": [3, 4, 2, 18, 10, 22], "velocity": [-6.392383606954418e-91, 1.9823007663229068e-88, -2.0191244862193405e-88, 3.6846116676133503e-88, 2.47441162099344e-87, -2.617054610273768e-90], "prev_fitness": 20.517810195040465, "prev_posisi": [3, 4, 2, 18, 10, 22], "fitness": 20.517810195040465}, "19": {"posisi": [3, 4, 2, 18, 10, 22], "velocity": [0.0, -1.9207051943143307e-88, -3.571067381763808e-89, -2.046635854086972e-89, 1.7328556888258457e-87, 0.0], "prev_fitness": 20.517810195040465, "prev_posisi": [3, 4, 2, 18, 10, 22], "fitness": 20.517810195040465}, "20": {"posisi": [3, 4, 2, 18, 10, 22], "velocity": [9.118002376667803e-85, 3.3349335875166375e-87, 5.922448297375648e-85, 7.269441260623668e-87, 1.6005911120773862e-84, -2.725657759408606e-87], "prev_fitness": 20.517810195040465, "prev_posisi": [3, 4, 2, 18, 10, 22], "fitness": 20.517810195040465}, "21": {"posisi": [3, 4, 2, 18, 10, 22], "velocity": [5.385520822159568e-72, -2.558424174247914e-75, 4.1120936409124793e-72, 7.852933529790955e-76, -1.9539564334683865e-75, -2.5276384448689777e-90], "prev_fitness": 20.517810195040465, "prev_posisi": [3, 4, 2, 18, 10, 22], "fitness": 20.517810195040465}, "22": {"posisi": [3, 4, 2, 18, 10, 22], "velocity": [-1.0551151706892638e-68, -3.307149444294228e-68, -1.2521347400143575e-62, -7.005505461281541e-69, 3.394508379860623e-60, -1.4135064962071545e-90], "prev_fitness": 20.517810195040465, "prev_posisi": [3, 4, 2, 18, 10, 22], "fitness": 20.517810195040465}, "23": {"posisi": [3, 4, 2, 18, 10, 22], "velocity": [8.624162916195257e-81, 5.327624985592237e-81, 5.828060350638167e-86, -0.020376257134727804, 0.020376257134727804, 0.0], "prev_fitness": 20.517810195040465, "prev_posisi": [3, 4, 2, 10, 18, 22], "fitness": 20.517810195040465}, "24": {"posisi": [3, 4, 2, 18, 10, 22], "velocity": [8.941516295759465e-61, -1.9263714739588075e-62, -2.6188149155733946e-59, 1.120251214307173e-58, -1.2048582271077154e-58, -1.533483692918682e-61], "prev_fitness": 20.517810195040465, "prev_posisi": [3, 4, 2, 18, 10, 22], "fitness": 20.517810195040465}, "25": {"posisi": [3, 4, 2, 18, 10, 22], "velocity": [-7.738176988465896e-92, 2.206811339489052e-86, 5.654458670015173e-86, 5.153884313852748e-86, 1.0091831478590926e-85, -3.2030166595013584e-86], "prev_fitness": 20.517810195040465, "prev_posisi": [3, 4, 2, 18, 10, 22], "fitness": 20.517810195040465}}