{"1": {"posisi": [1, 2, 4, 5, 13, 8, 14], "velocity": [0.0, 0.0, 1.963332814822532e-42, -1.6161638389530244e-39, 2.482826523027598e-39, -4.800842067196274e-38, 0.1677671610758236], "prev_fitness": 10.81671029381625, "prev_posisi": [1, 2, 4, 5, 13, 8, 9], "fitness": 10.898665649791006}, "2": {"posisi": [1, 2, 4, 5, 13, 8, 14], "velocity": [8.925614872910999e-42, -1.4441185363915959e-39, 1.4470255765845652e-39, -8.437017570129906e-41, 1.7383354910376276e-38, -2.211033049542284e-40, 2.0056560456678246e-27], "prev_fitness": 10.898665649791006, "prev_posisi": [1, 2, 4, 5, 13, 8, 14], "fitness": 10.898665649791006}, "3": {"posisi": [1, 2, 4, 5, 13, 8, 14], "velocity": [0.0, 1.5174897828571223e-41, 0.0, 0.0, -1.4704313964759796e-37, -2.2242802207744358e-38, 1.9080199885089465e-29], "prev_fitness": 10.898665649791006, "prev_posisi": [1, 2, 4, 5, 13, 8, 14], "fitness": 10.898665649791006}, "4": {"posisi": [1, 2, 4, 5, 13, 8, 14], "velocity": [0.0, 3.906885147863278e-29, -3.870705500831679e-29, 1.1535847618923846e-29, -1.220577409042057e-28, -4.640050813642576e-24, -4.714940036514929e-09], "prev_fitness": 10.898665649791006, "prev_posisi": [1, 2, 4, 5, 13, 8, 14], "fitness": 10.898665649791006}, "5": {"posisi": [1, 2, 4, 5, 13, 8, 14], "velocity": [1.0229031361424671e-41, -2.6644590801449916e-42, 1.3315615089610609e-41, -7.901317938230374e-41, 1.7916731062385524e-36, 1.400691610342071e-42, -4.742483504333063e-22], "prev_fitness": 10.898665649791006, "prev_posisi": [1, 2, 4, 5, 13, 8, 14], "fitness": 10.898665649791006}, "6": {"posisi": [1, 2, 4, 5, 13, 8, 14], "velocity": [7.986500955213746e-41, 2.625820934270834e-41, 1.6547099601902517e-40, -6.279750732640112e-40, 1.3980608690315732e-37, -3.781063337803318e-40, -1.7729253273162704e-29], "prev_fitness": 10.898665649791006, "prev_posisi": [1, 2, 4, 5, 13, 8, 14], "fitness": 10.898665649791006}, "7": {"posisi": [1, 2, 4, 5, 13, 8, 14], "velocity": [1.830301734543151e-41, 7.064916986758029e-42, 9.248254485164625e-42, -1.3423518115637047e-40, 3.5212425187655256e-39, 4.754558288727242e-34, 1.4152454318230554e-29], "prev_fitness": 10.898665649791006, "prev_posisi": [1, 2, 4, 5, 13, 8, 14], "fitness": 10.898665649791006}, "8": {"posisi": [1, 2, 4, 5, 13, 8, 14], "velocity": [9.992602177976915e-42, 1.1078978913255526e-32, -1.1053800660529237e-32, -3.86021806008641e-41, 3.4061250813801907e-39, -4.621069910757297e-33, 1.532654434987698e-25], "prev_fitness": 10.898665649791006, "prev_posisi": [1, 2, 4, 5, 13, 8, 14], "fitness": 10.898665649791006}, "9": {"posisi": [1, 2, 4, 5, 13, 8, 14], "velocity": [1.0153609530019381e-39, 3.2953094972165323e-40, 1.2842711286119935e-39, -9.472295534461563e-39, -2.9286048980737096e-37, 5.227241816529961e-38, -4.784391632361668e-30], "prev_fitness": 10.898665649791006, "prev_posisi": [1, 2, 4, 5, 13, 8, 14], "fitness": 10.898665649791006}, "10": {"posisi": [1, 2, 4, 5, 13, 8, 14], "velocity": [0.0, 2.286476635959652e-42, 0.0, 0.0, 2.904759472643672e-39, -7.579326692698746e-42, -5.264215212200787e-30], "prev_fitness": 10.898665649791006, "prev_posisi": [1, 2, 4, 5, 13, 8, 14], "fitness": 10.898665649791006}, "11": {"posisi": [1, 2, 4, 5, 13, 8, 14], "velocity": [0.0, 0.0, 3.555772995818862e-42, -1.6001607959101138e-39, 3.3635269318762145e-39, -2.3313311610347247e-39, -4.8263715368342715e-24], "prev_fitness": 10.898665649791006, "prev_posisi": [1, 2, 4, 5, 13, 8, 14], "fitness": 10.898665649791006}, "12": {"posisi": [1, 2, 4, 5, 13, 8, 14], "velocity": [0.0, -1.9607784395460284e-38, 1.9629498476374654e-38, -6.53257928779197e-39, 4.374874782050184e-38, -6.006244111428383e-39, -4.818571053051581e-22], "prev_fitness": 10.898665649791006, "prev_posisi": [1, 2, 4, 5, 13, 8, 14], "fitness": 10.898665649791006}, "13": {"posisi": [1, 2, 4, 5, 13, 8, 14], "velocity": [0.0, 0.0, 5.804347944278015e-41, -7.926935064274352e-39, -2.2395914055306564e-34, -4.7999054490348196e-39, 1.3197996274386889e-08], "prev_fitness": 10.898665649791006, "prev_posisi": [1, 2, 4, 5, 13, 8, 14], "fitness": 10.898665649791006}, "14": {"posisi": [1, 2, 4, 5, 13, 8, 14], "velocity": [0.0, 2.7020365422797228e-39, 2.5068768960285082e-40, -5.897750537233452e-41, 2.904290065959672e-39, -1.6846943361920535e-41, -4.369787122585323e-29], "prev_fitness": 10.898665649791006, "prev_posisi": [1, 2, 4, 5, 13, 8, 14], "fitness": 10.898665649791006}, "15": {"posisi": [1, 2, 4, 5, 13, 8, 14], "velocity": [5.704839278029041e-41, -2.022743714933122e-37, 2.024344942031e-37, -3.6795245403317074e-36, -5.097836119929527e-38, 3.051055438830187e-31, -4.367823627139885e-30], "prev_fitness": 10.898665649791006, "prev_posisi": [1, 2, 4, 5, 13, 8, 14], "fitness": 10.898665649791006}, "16": {"posisi": [1, 2, 4, 5, 13, 8, 14], "velocity": [8.99862712051679e-42, -1.1799172162562036e-41, 3.7494583163533474e-41, -3.311069021788933e-41, 3.337487654240357e-39, -3.757743141626266e-38, -4.655161307962873e-15], "prev_fitness": 10.898665649791006, "prev_posisi": [1, 2, 4, 5, 13, 8, 14], "fitness": 10.898665649791006}, "17": {"posisi": [1, 2, 4, 5, 13, 8, 14], "velocity": [9.922735853312328e-42, -1.2876243394663181e-37, 1.290829904317028e-37, -3.8406386057688355e-38, 1.2368436280416108e-31, 2.7491875699998127e-38, -4.683573473900222e-31], "prev_fitness": 10.898665649791006, "prev_posisi": [1, 2, 4, 5, 13, 8, 14], "fitness": 10.898665649791006}, "18": {"posisi": [1, 2, 4, 5, 13, 8, 14], "velocity": [5.7364645951700274e-42, 2.4578988040492566e-42, 1.583640318490914e-41, -1.1399576663003469e-40, 7.264449590012437e-37, -2.968322026492509e-42, -4.578948842727309e-23], "prev_fitness": 10.898665649791006, "prev_posisi": [1, 2, 4, 5, 13, 8, 14], "fitness": 10.898665649791006}, "19": {"posisi": [1, 2, 4, 5, 13, 8, 14], "velocity": [0.0, 8.205763644751988e-42, 9.62996627105982e-42, -4.298918986583049e-41, 2.4586677352235087e-39, 3.050957524328112e-41, 1.861535499959009e-08], "prev_fitness": 10.898665649791006, "prev_posisi": [1, 2, 4, 5, 13, 8, 14], "fitness": 10.898665649791006}, "20": {"posisi": [1, 2, 4, 5, 13, 8, 14], "velocity": [1.4194351070193757e-41, 2.3000797156084483e-40, 2.955859004523481e-41, -2.972581718648997e-40, 1.2296168581992487e-37, -2.301483674307957e-41, -3.999197503331882e-23], "prev_fitness": 10.898665649791006, "prev_posisi": [1, 2, 4, 5, 13, 8, 14], "fitness": 10.898665649791006}, "21": {"posisi": [1, 2, 4, 5, 13, 8, 14], "velocity": [0.0, 0.0, 0.0, 0.0, 1.3935717793107532e-26, -5.519151726656502e-37, 1.7847873698690017e-28], "prev_fitness": 10.898665649791006, "prev_posisi": [1, 2, 4, 5, 13, 8, 14], "fitness": 10.898665649791006}, "22": {"posisi": [1, 2, 4, 5, 13, 8, 14], "velocity": [0.0, 0.0, 4.30450584514155e-39, -4.963786762416781e-39, 1.3492505879190667e-36, -5.266452740587131e-36, 1.8513901581516986e-29], "prev_fitness": 10.898665649791006, "prev_posisi": [1, 2, 4, 5, 13, 8, 14], "fitness": 10.898665649791006}, "23": {"posisi": [1, 2, 4, 5, 13, 8, 14], "velocity": [3.958720550856772e-42, 7.971539410106281e-42, 1.6701036131749103e-41, -5.346919630388341e-42, 1.31574285072844e-38, -5.036143448317414e-40, 1.8012199569645893e-29], "prev_fitness": 10.898665649791006, "prev_posisi": [1, 2, 4, 5, 13, 8, 14], "fitness": 10.898665649791006}, "24": {"posisi": [1, 2, 4, 5, 13, 8, 14], "velocity": [0.0, 0.0, 4.540361765036748e-42, -5.23576652853438e-42, 3.3806607923210104e-38, 4.800937027693841e-41, 1.0141963315224566e-29], "prev_fitness": 10.898665649791006, "prev_posisi": [1, 2, 4, 5, 13, 8, 14], "fitness": 10.898665649791006}, "25": {"posisi": [1, 2, 4, 5, 13, 8, 14], "velocity": [1.0608551527759525e-41, -2.4673139021914666e-37, 2.492306576807334e-37, -3.6055090010677616e-39, 1.6362438143434841e-37, -4.791098734160411e-38, 1.946058331945129e-23], "prev_fitness": 10.898665649791006, "prev_posisi": [1, 2, 4, 5, 13, 8, 14], "fitness": 10.898665649791006}}